order_id,customer_id,product_id,quantity,order_date,shipping_address,total_price,payment_method,shipping_method,order_status
1,1,1,26,1/21/2020,027 Prairie Rose Drive,7690.4,debit card,standard,shipped
2,2,2,97,8/10/2022,2129 Prairie Rose Road,8212.66,PayPal,overnight,pending
3,3,3,4,3/18/2020,54576 Merry Lane,3849.02,PayPal,expedited,delivered
4,4,4,90,11/29/2022,0 North Avenue,7080.13,PayPal,expedited,processing
5,5,5,27,6/27/2022,45962 Coleman Hill,791.88,credit card,expedited,delivered
6,6,6,4,3/23/2022,429 Colorado Center,753.29,credit card,standard,delivered
7,7,7,100,9/13/2021,3305 Sloan Alley,8574.77,PayPal,expedited,pending
8,8,8,42,2/7/2021,21747 Hermina Crossing,4884.94,credit card,standard,delivered
9,9,9,26,4/4/2022,38864 Londonderry Crossing,1744.14,credit card,overnight,shipped
10,10,10,24,7/13/2021,42 Monterey Street,923.55,credit card,expedited,delivered
11,11,11,25,1/5/2022,434 Rieder Point,9112.84,PayPal,standard,shipped
12,12,12,1,5/30/2020,8110 Browning Point,4623.92,credit card,expedited,shipped
13,13,13,41,2/2/2020,5 Bowman Alley,8948.67,PayPal,standard,shipped
14,14,14,83,8/22/2022,90891 Luster Parkway,3932.8,debit card,overnight,processing
15,15,15,17,12/18/2020,628 Jay Street,3664.34,credit card,overnight,pending
16,16,16,25,8/9/2020,5892 Bowman Hill,5697.1,credit card,standard,delivered
17,17,17,52,4/29/2022,1180 Florence Plaza,4419.19,credit card,overnight,delivered
18,18,18,45,9/7/2021,3 Menomonie Junction,7099.87,credit card,overnight,pending
19,19,19,90,2/21/2021,2430 Utah Lane,3957.76,PayPal,expedited,processing
20,20,20,23,1/20/2022,29 5th Circle,4877.7,PayPal,standard,pending
21,21,21,79,12/30/2020,837 Hagan Place,2438.22,credit card,overnight,processing
22,22,22,53,2/12/2020,84 Logan Street,4983.5,PayPal,expedited,shipped
23,23,23,75,5/31/2022,42 Red Cloud Avenue,5508.33,credit card,standard,shipped
24,24,24,58,8/24/2021,66 Knutson Avenue,6951.08,debit card,overnight,delivered
25,25,25,51,10/21/2022,9 David Hill,2592.46,credit card,standard,shipped
26,26,26,54,6/27/2022,16 Di Loreto Trail,5283.6,debit card,overnight,shipped
27,27,27,88,6/15/2021,3855 Comanche Hill,4989.38,PayPal,overnight,delivered
28,28,28,73,10/21/2021,5751 Oak Valley Terrace,5544.7,debit card,overnight,delivered
29,29,29,88,11/22/2022,2 David Plaza,3946.1,PayPal,expedited,shipped
30,30,30,100,2/8/2021,92900 Northland Court,6439.34,PayPal,overnight,delivered
31,31,31,88,7/9/2020,29316 Crowley Street,8228.88,PayPal,overnight,delivered
32,32,32,28,11/23/2022,63 David Alley,1808.9,debit card,expedited,pending
33,33,33,21,5/14/2022,95 Troy Place,8567.53,debit card,overnight,shipped
34,34,34,50,12/23/2020,586 Lerdahl Circle,9736.7,credit card,expedited,pending
35,35,35,58,8/19/2022,29682 Red Cloud Crossing,6786.86,credit card,expedited,processing
36,36,36,36,7/23/2020,066 Dixon Trail,7039.61,debit card,overnight,pending
37,37,37,25,8/2/2021,8921 Jackson Trail,4648.36,PayPal,standard,delivered
38,38,38,56,2/6/2020,8 Anzinger Lane,8776.52,PayPal,expedited,processing
39,39,39,40,7/11/2021,3 Eagan Park,4822.69,credit card,standard,processing
40,40,40,29,2/7/2021,84 Northfield Hill,7865.93,credit card,overnight,pending
41,41,41,76,3/26/2020,30631 Green Ridge Place,3102.18,debit card,overnight,pending
42,42,42,29,3/24/2021,29 Forest Dale Avenue,6718.54,credit card,overnight,delivered
43,43,43,13,12/30/2021,2596 Corben Point,6105.85,credit card,standard,processing
44,44,44,61,8/1/2020,5947 Brown Parkway,5053.75,PayPal,standard,pending
45,45,45,46,12/26/2021,5719 Roxbury Terrace,1995.53,PayPal,overnight,delivered
46,46,46,67,11/29/2022,6577 Homewood Lane,1656.44,PayPal,overnight,processing
47,47,47,74,4/22/2020,10 Anhalt Park,6933.94,credit card,expedited,shipped
48,48,48,7,4/26/2022,29 Bunker Hill Court,4541.69,debit card,expedited,pending
49,49,49,3,7/10/2021,48191 Cambridge Court,2414.75,credit card,expedited,delivered
50,50,50,45,6/28/2021,53 Mccormick Plaza,2492.41,debit card,expedited,processing
51,51,51,87,10/28/2021,654 Garrison Road,3837.83,debit card,expedited,processing
52,52,52,86,7/17/2021,5428 Truax Court,2139.85,PayPal,expedited,processing
53,53,53,55,9/4/2021,0 Doe Crossing Drive,5503.42,PayPal,expedited,processing
54,54,54,15,2/23/2020,51949 Gerald Road,257.27,debit card,expedited,pending
55,55,55,33,9/26/2020,94 Bayside Park,8706.3,credit card,overnight,delivered
56,56,56,73,7/19/2021,23 Melody Alley,7428.11,credit card,standard,shipped
57,57,57,28,3/16/2022,0249 Victoria Hill,790.62,PayPal,expedited,processing
58,58,58,83,1/10/2021,53 Sage Junction,6005.49,debit card,overnight,shipped
59,59,59,72,6/7/2021,562 Packers Street,1884.72,PayPal,expedited,shipped
60,60,60,98,12/6/2022,2561 Oakridge Park,8107.63,debit card,overnight,delivered
61,61,61,18,8/2/2022,29 Rowland Road,254.16,debit card,standard,pending
62,62,62,48,8/24/2022,9897 Mandrake Drive,7470.89,credit card,standard,processing
63,63,63,39,10/18/2020,8992 Esker Park,6108.77,debit card,overnight,processing
64,64,64,18,5/21/2021,7 Rigney Place,3608.49,debit card,overnight,shipped
65,65,65,50,11/9/2021,1 Hanson Trail,6614.68,debit card,expedited,pending
66,66,66,81,9/16/2021,37937 Lukken Plaza,5300.89,credit card,overnight,shipped
67,67,67,8,3/4/2022,7 Grayhawk Pass,2257.88,credit card,overnight,shipped
68,68,68,10,12/9/2022,49711 Commercial Lane,978.58,credit card,standard,shipped
69,69,69,7,12/19/2022,9879 Rigney Parkway,1135.72,debit card,standard,shipped
70,70,70,90,2/18/2020,1 Sommers Lane,573.04,debit card,standard,delivered
71,71,71,29,7/30/2021,62 Goodland Lane,950.88,PayPal,standard,processing
72,72,72,70,4/2/2020,6 Schlimgen Plaza,1255.46,PayPal,overnight,delivered
73,73,73,97,11/11/2022,09 Brown Junction,8547.52,PayPal,standard,processing
74,74,74,62,7/22/2022,012 Springs Court,8996.31,credit card,overnight,processing
75,75,75,59,8/15/2020,40 Delaware Lane,122.48,PayPal,expedited,delivered
76,76,76,99,8/5/2020,0 Mendota Hill,2964.57,credit card,expedited,pending
77,77,77,18,8/12/2022,2 Dryden Plaza,3112.53,debit card,overnight,processing
78,78,78,50,10/27/2020,1759 Forster Hill,4629.94,PayPal,standard,delivered
79,79,79,36,1/19/2021,26182 Spenser Park,726.07,PayPal,expedited,shipped
80,80,80,3,1/21/2021,2460 Commercial Point,2184.96,PayPal,overnight,pending
81,81,81,6,12/30/2020,47 Bluestem Place,3640.13,PayPal,expedited,shipped
82,82,82,80,3/21/2020,88815 La Follette Way,4388.39,PayPal,overnight,shipped
83,83,83,29,1/24/2022,76620 Di Loreto Place,8629.2,debit card,standard,shipped
84,84,84,31,3/1/2022,57433 Lunder Drive,1445.71,credit card,standard,processing
85,85,85,18,1/15/2021,24 Eagle Crest Circle,9951.84,credit card,standard,pending
86,86,86,57,4/2/2021,1 Lillian Parkway,5866.52,credit card,standard,processing
87,87,87,13,5/11/2020,64360 Marcy Drive,4568.56,credit card,standard,delivered
88,88,88,35,1/26/2022,79372 Debra Park,8174.06,PayPal,standard,delivered
89,89,89,2,10/14/2022,9 Tony Center,7191.44,credit card,expedited,shipped
90,90,90,26,1/24/2021,223 Stoughton Drive,2546.77,PayPal,expedited,delivered
91,91,91,40,4/11/2021,38 Elgar Court,1966.49,PayPal,expedited,pending
92,92,92,78,9/6/2022,2639 Pawling Place,7126.33,PayPal,overnight,delivered
93,93,93,49,8/8/2020,45906 Anderson Court,9274.15,debit card,standard,processing
94,94,94,72,3/19/2020,5 Tennessee Drive,6960.19,debit card,expedited,pending
95,95,95,98,11/22/2020,41 Cottonwood Alley,8309.07,credit card,standard,pending
96,96,96,1,9/18/2022,7652 Charing Cross Park,9791.73,credit card,expedited,shipped
97,97,97,93,1/26/2021,55 Namekagon Trail,5022.74,PayPal,overnight,delivered
98,98,98,68,3/29/2021,46475 Dapin Point,1112.34,PayPal,overnight,delivered
99,99,99,50,10/17/2021,3 Lake View Plaza,5774.41,debit card,overnight,pending
100,100,100,71,11/11/2021,16769 Marcy Lane,2600.34,debit card,expedited,shipped
101,101,101,14,10/25/2022,9 Victoria Way,971.67,PayPal,standard,processing
102,102,102,22,5/31/2021,60057 Heath Crossing,4653.93,debit card,expedited,shipped
103,103,103,99,9/9/2022,58266 Laurel Park,5774.09,debit card,expedited,pending
104,104,104,60,8/4/2021,7809 Upham Center,6089.31,credit card,standard,shipped
105,105,105,15,3/12/2020,20609 Claremont Point,9966.05,debit card,standard,pending
106,106,106,9,7/26/2022,66513 Main Trail,3305.1,PayPal,expedited,shipped
107,107,107,30,12/4/2021,7 Fairfield Road,9309.96,debit card,overnight,delivered
108,108,108,2,9/17/2021,74 Packers Trail,8306.79,PayPal,standard,delivered
109,109,109,10,8/11/2022,58887 Melrose Point,3842.12,credit card,standard,shipped
110,110,110,24,3/22/2021,86 Loeprich Way,226.44,PayPal,standard,pending
111,111,111,69,9/26/2021,13 Roth Crossing,4115.34,debit card,standard,processing
112,112,112,29,10/16/2022,6 Maywood Plaza,6166.68,PayPal,overnight,delivered
113,113,113,18,10/20/2021,011 Steensland Hill,1271.28,PayPal,overnight,shipped
114,114,114,64,9/14/2021,4 Kensington Parkway,354.3,debit card,standard,pending
115,115,115,33,1/23/2021,7 Golf Course Alley,3370.42,credit card,standard,processing
116,116,116,36,3/11/2020,9 Charing Cross Terrace,7702.44,debit card,overnight,processing
117,117,117,80,2/24/2020,088 Pawling Road,1390.58,debit card,standard,pending
118,118,118,36,12/4/2022,3670 Gateway Street,5674.78,PayPal,expedited,shipped
119,119,119,9,5/20/2020,8 Dwight Center,9545.31,debit card,expedited,delivered
120,120,120,30,7/31/2022,04882 Gulseth Circle,8173.83,credit card,overnight,processing
121,121,121,88,7/9/2021,56 Loeprich Lane,8941.24,credit card,overnight,delivered
122,122,122,63,7/5/2022,17023 Crest Line Parkway,7458.83,credit card,expedited,pending
123,123,123,89,10/30/2020,3556 Sommers Way,7078.44,PayPal,expedited,processing
124,124,124,86,11/17/2022,1 Farmco Lane,3789.55,debit card,overnight,processing
125,125,125,69,6/17/2020,318 Susan Crossing,2168.45,credit card,expedited,delivered
126,126,126,61,1/14/2022,5 Vidon Way,6036.01,credit card,expedited,delivered
127,127,127,14,7/24/2022,0 David Crossing,4155.77,PayPal,expedited,processing
128,128,128,7,3/10/2021,784 Prairieview Circle,4600.91,credit card,expedited,processing
129,129,129,71,8/30/2022,3790 Bluestem Avenue,3907.6,credit card,expedited,shipped
130,130,130,14,11/22/2021,56671 Barnett Junction,5279.96,debit card,overnight,shipped
131,131,131,73,5/5/2022,33888 Superior Circle,1309.79,PayPal,expedited,processing
132,132,132,72,2/27/2020,6 Laurel Pass,7001.04,PayPal,overnight,delivered
133,133,133,6,12/8/2021,6005 Russell Lane,7056.77,credit card,overnight,pending
134,134,134,4,10/2/2022,822 Northwestern Circle,3886.32,debit card,overnight,pending
135,135,135,59,5/29/2021,8 Pankratz Alley,4514.5,credit card,overnight,processing
136,136,136,53,2/8/2022,8324 Bay Parkway,1515.95,PayPal,overnight,processing
137,137,137,35,1/4/2022,3 Bobwhite Point,7607.42,debit card,overnight,delivered
138,138,138,78,6/13/2022,1068 Hoffman Hill,5883.32,PayPal,expedited,delivered
139,139,139,69,12/31/2021,87 Donald Circle,4457.46,PayPal,standard,shipped
140,140,140,12,8/2/2022,48 Lakeland Terrace,8106.37,credit card,expedited,shipped
141,141,141,37,5/12/2021,433 Ramsey Parkway,7973.68,debit card,standard,processing
142,142,142,46,5/29/2020,59822 Texas Place,4236.69,credit card,overnight,shipped
143,143,143,39,7/24/2020,78 Dovetail Street,9861.11,PayPal,expedited,pending
144,144,144,72,4/17/2022,18 Memorial Junction,370.66,debit card,standard,shipped
145,145,145,78,12/18/2022,765 Judy Road,5720.22,debit card,overnight,processing
146,146,146,79,12/13/2021,210 Swallow Terrace,4391.15,credit card,expedited,delivered
147,147,147,28,3/27/2022,694 Messerschmidt Circle,9220.44,debit card,standard,processing
148,148,148,4,4/30/2021,39058 Pleasure Crossing,8412.69,debit card,standard,shipped
149,149,149,82,10/24/2021,06685 Buena Vista Avenue,2844.45,credit card,expedited,pending
150,150,150,89,12/20/2020,6 Fallview Junction,4974.63,PayPal,expedited,shipped
151,151,151,23,8/28/2020,5 Lillian Hill,1875.58,credit card,standard,delivered
152,152,152,82,4/9/2022,876 Commercial Plaza,276.78,debit card,overnight,delivered
153,153,153,54,9/11/2021,98 Butternut Circle,9704.59,PayPal,overnight,pending
154,154,154,98,5/2/2020,41165 Anzinger Hill,1359.71,credit card,standard,pending
155,155,155,30,10/19/2020,8 Morning Lane,4024.08,credit card,standard,processing
156,156,156,88,9/15/2021,7 Surrey Crossing,1607.77,PayPal,expedited,shipped
157,157,157,16,3/26/2022,51 Fieldstone Park,7039.18,debit card,standard,pending
158,158,158,93,6/22/2022,99 Pleasure Trail,5180.4,debit card,standard,shipped
159,159,159,54,8/20/2022,1260 Ludington Lane,5365.57,debit card,expedited,processing
160,160,160,33,3/19/2021,6 Division Circle,8539.18,PayPal,overnight,pending
161,161,161,52,3/18/2020,99 Basil Place,4218.9,credit card,overnight,pending
162,162,162,54,5/6/2021,390 Carey Trail,7968.37,PayPal,overnight,delivered
163,163,163,3,7/10/2021,1485 Graceland Road,5465.24,credit card,expedited,shipped
164,164,164,16,5/1/2022,87 Susan Street,2221.16,credit card,expedited,shipped
165,165,165,62,7/14/2021,660 Lakeland Place,4738.56,debit card,standard,pending
166,166,166,71,6/18/2021,42641 Mallard Way,7209.97,credit card,standard,delivered
167,167,167,16,7/23/2022,5040 Kenwood Alley,4306.49,debit card,standard,processing
168,168,168,18,11/22/2021,99795 Melody Court,3025.53,credit card,overnight,shipped
169,169,169,64,7/6/2021,2 Sugar Place,7901.65,credit card,overnight,pending
170,170,170,39,3/30/2022,45 Dottie Street,7328.24,debit card,standard,pending
171,171,171,21,5/4/2021,8 Barnett Street,180.23,credit card,standard,delivered
172,172,172,57,7/17/2021,51 Continental Way,4039.35,credit card,expedited,shipped
173,173,173,88,5/28/2020,8 Gerald Point,1464.29,debit card,overnight,delivered
174,174,174,2,8/22/2021,19 Butterfield Way,1298.98,credit card,standard,delivered
175,175,175,19,4/12/2021,5 Green Place,1969.0,PayPal,overnight,pending
176,176,176,29,5/9/2022,15806 Brentwood Alley,3525.61,PayPal,overnight,processing
177,177,177,37,1/23/2020,11732 Lukken Circle,5567.87,credit card,expedited,processing
178,178,178,85,7/12/2020,0806 Susan Parkway,7898.72,credit card,overnight,processing
179,179,179,87,8/12/2022,17583 Straubel Point,9815.8,credit card,expedited,processing
180,180,180,75,4/8/2021,1 Upham Court,6889.16,debit card,overnight,shipped
181,181,181,80,6/10/2022,4 South Crossing,6389.55,PayPal,standard,processing
182,182,182,25,11/28/2021,6447 Bashford Crossing,8638.05,credit card,expedited,processing
183,183,183,76,2/27/2021,2 Transport Center,2088.34,credit card,overnight,processing
184,184,184,89,12/8/2020,062 Hudson Junction,521.61,debit card,expedited,delivered
185,185,185,19,9/18/2022,9745 Golden Leaf Court,8559.71,debit card,standard,shipped
186,186,186,66,7/7/2021,8930 Sloan Crossing,7474.52,PayPal,expedited,delivered
187,187,187,91,1/18/2020,96 Harper Way,5187.19,debit card,overnight,processing
188,188,188,59,10/30/2022,0 American Ash Trail,2086.43,PayPal,standard,shipped
189,189,189,2,8/3/2021,49176 Cordelia Point,3934.27,debit card,overnight,processing
190,190,190,12,2/7/2021,91 Jackson Alley,970.76,credit card,standard,shipped
191,191,191,40,1/8/2022,0 Briar Crest Crossing,6228.35,debit card,overnight,processing
192,192,192,97,2/27/2021,7 Green Ridge Circle,1962.25,credit card,overnight,delivered
193,193,193,47,1/25/2020,09785 Gale Way,4274.27,debit card,standard,delivered
194,194,194,23,8/10/2020,0587 Sherman Court,5980.69,credit card,standard,processing
195,195,195,73,4/10/2021,1754 Mayer Street,2066.98,credit card,standard,pending
196,196,196,86,12/25/2020,8484 3rd Court,5716.28,PayPal,expedited,delivered
197,197,197,49,10/14/2020,29681 Linden Crossing,7319.24,PayPal,expedited,delivered
198,198,198,79,11/15/2020,787 Linden Pass,1637.57,credit card,expedited,pending
199,199,199,91,5/14/2020,0 Karstens Drive,2733.72,PayPal,expedited,shipped
200,200,200,78,4/20/2022,6 8th Lane,4919.73,PayPal,standard,processing
201,201,201,13,1/23/2021,3307 Crest Line Avenue,8983.09,PayPal,standard,delivered
202,202,202,38,3/16/2022,44 Sunnyside Drive,481.23,credit card,overnight,shipped
203,203,203,62,1/16/2020,8785 Annamark Avenue,5599.87,debit card,expedited,delivered
204,204,204,89,8/13/2020,944 Anderson Drive,3968.17,debit card,expedited,processing
205,205,205,35,1/17/2021,391 Ridgeview Road,9626.49,credit card,overnight,processing
206,206,206,57,4/14/2021,160 Browning Lane,7826.07,credit card,standard,pending
207,207,207,69,7/14/2021,70 Northport Hill,8819.6,debit card,expedited,delivered
208,208,208,53,6/15/2021,79 Birchwood Lane,3395.91,credit card,overnight,processing
209,209,209,35,5/24/2022,0466 Cordelia Street,7510.19,debit card,overnight,delivered
210,210,210,8,9/12/2021,826 Fisk Court,8253.66,PayPal,standard,delivered
211,211,211,93,6/14/2022,4550 Hudson Center,8812.1,debit card,overnight,pending
212,212,212,52,8/9/2022,49850 Prairie Rose Trail,8675.51,debit card,overnight,delivered
213,213,213,69,4/18/2020,841 Granby Center,5364.21,PayPal,overnight,processing
214,214,214,24,10/23/2021,37875 Becker Alley,8055.66,debit card,expedited,pending
215,215,215,89,1/18/2021,9 Paget Parkway,261.42,PayPal,standard,delivered
216,216,216,3,6/7/2020,0559 Superior Hill,1188.83,debit card,expedited,pending
217,217,217,14,2/28/2022,203 Union Trail,4110.81,PayPal,standard,shipped
218,218,218,53,6/18/2021,057 Gerald Circle,7481.99,debit card,standard,shipped
219,219,219,44,6/24/2021,83 Center Crossing,5559.15,debit card,standard,pending
220,220,220,95,5/21/2022,57422 Center Circle,4112.31,debit card,overnight,processing
221,221,221,45,4/20/2022,998 Superior Avenue,1725.78,debit card,standard,processing
222,222,222,93,3/3/2022,35207 Jenifer Trail,2181.25,debit card,standard,processing
223,223,223,52,3/31/2021,86 Maple Road,3713.74,credit card,overnight,processing
224,224,224,87,5/20/2022,7 Brentwood Point,4742.83,credit card,expedited,processing
225,225,225,29,2/25/2021,39 Clemons Street,4062.54,credit card,expedited,delivered
226,226,226,33,9/25/2021,2880 Drewry Pass,5322.81,debit card,expedited,delivered
227,227,227,69,7/9/2021,3220 Bay Plaza,8046.03,PayPal,expedited,pending
228,228,228,77,7/30/2022,74 Village Park,6513.44,credit card,expedited,shipped
229,229,229,11,3/20/2022,6 Shoshone Center,8461.56,debit card,overnight,delivered
230,230,230,1,5/28/2022,1 Michigan Avenue,882.74,credit card,expedited,processing
231,231,231,13,8/22/2021,665 Kingsford Trail,6082.81,PayPal,standard,delivered
232,232,232,64,7/9/2020,164 Farmco Circle,9277.04,credit card,overnight,delivered
233,233,233,71,8/17/2021,7 Bluejay Street,8264.17,credit card,overnight,delivered
234,234,234,14,9/10/2021,231 Portage Avenue,5515.44,debit card,expedited,pending
235,235,235,48,6/1/2022,5450 Mifflin Trail,1609.52,credit card,expedited,shipped
236,236,236,86,3/17/2022,2867 New Castle Center,9524.79,PayPal,expedited,processing
237,237,237,93,2/7/2020,55 Dayton Alley,9747.34,credit card,standard,delivered
238,238,238,88,6/15/2020,77 Swallow Court,5549.82,credit card,expedited,processing
239,239,239,52,9/13/2022,37497 Bellgrove Point,2166.27,debit card,expedited,delivered
240,240,240,62,9/19/2021,694 Sachs Pass,8028.2,PayPal,overnight,delivered
241,241,241,31,11/17/2020,40 Morning Park,3070.44,credit card,overnight,processing
242,242,242,8,8/29/2022,865 Raven Drive,488.63,PayPal,expedited,shipped
243,243,243,17,11/27/2020,3870 Dapin Center,3128.53,credit card,standard,shipped
244,244,244,48,5/8/2021,292 Sheridan Center,7799.08,debit card,standard,shipped
245,245,245,36,8/11/2022,41528 Lindbergh Drive,1378.08,credit card,standard,processing
246,246,246,60,7/1/2020,30 Russell Point,6083.75,PayPal,overnight,processing
247,247,247,28,1/25/2020,551 Laurel Hill,3403.76,PayPal,standard,delivered
248,248,248,75,11/12/2020,7427 Trailsway Terrace,1580.67,credit card,standard,delivered
249,249,249,68,2/10/2021,017 Oak Valley Pass,5711.57,credit card,expedited,pending
250,250,250,45,1/17/2020,8549 Mockingbird Street,1091.86,PayPal,overnight,shipped
251,251,251,12,1/8/2020,41 Macpherson Alley,1085.99,credit card,expedited,shipped
252,252,252,59,2/10/2022,83 Donald Plaza,734.99,debit card,standard,delivered
253,253,253,96,6/25/2020,45 Stang Crossing,6581.98,PayPal,expedited,processing
254,254,254,87,3/12/2020,0 Lillian Street,2416.31,PayPal,expedited,pending
255,255,255,62,9/15/2022,6 Forest Place,6.92,PayPal,expedited,pending
256,256,256,11,3/17/2020,8 Pond Point,2685.5,PayPal,standard,shipped
257,257,257,14,4/13/2020,46483 Carpenter Street,7629.07,credit card,standard,shipped
258,258,258,61,1/9/2022,2 Monument Point,7314.24,debit card,overnight,pending
259,259,259,86,8/23/2020,71639 Emmet Center,5984.48,PayPal,standard,pending
260,260,260,51,1/7/2022,43330 Sutteridge Road,7699.6,PayPal,expedited,shipped
261,261,261,58,8/15/2022,27 Monument Parkway,8339.22,credit card,standard,shipped
262,262,262,13,11/28/2020,85494 Pond Way,7433.11,credit card,overnight,delivered
263,263,263,11,12/23/2022,679 Maryland Park,8982.99,credit card,expedited,processing
264,264,264,20,2/19/2022,4 Bartillon Circle,6833.77,debit card,overnight,shipped
265,265,265,11,2/14/2021,1936 Springs Street,7666.96,credit card,standard,delivered
266,266,266,28,5/8/2021,4293 Logan Trail,640.92,credit card,standard,shipped
267,267,267,8,3/5/2021,539 Bluestem Lane,9895.64,credit card,overnight,pending
268,268,268,39,5/12/2022,480 Duke Way,9876.89,PayPal,expedited,shipped
269,269,269,32,4/22/2020,526 Becker Hill,2588.0,debit card,expedited,shipped
270,270,270,74,7/17/2022,4 Grayhawk Street,2841.58,debit card,overnight,pending
271,271,271,46,10/3/2020,4 Northwestern Road,3610.38,credit card,standard,shipped
272,272,272,40,4/26/2021,4927 Veith Circle,5594.35,credit card,standard,pending
273,273,273,94,10/31/2021,5 Chinook Avenue,6405.16,credit card,standard,delivered
274,274,274,52,8/20/2022,8677 Sundown Avenue,5242.08,PayPal,standard,pending
275,275,275,69,5/9/2022,357 Chive Hill,7550.41,credit card,standard,processing
276,276,276,92,7/26/2020,352 Oak Road,4946.68,debit card,standard,delivered
277,277,277,6,5/8/2020,23 Clyde Gallagher Alley,563.01,credit card,expedited,pending
278,278,278,70,8/25/2020,13 Vidon Park,9869.5,debit card,overnight,shipped
279,279,279,99,10/7/2022,50040 Paget Alley,1231.81,credit card,overnight,processing
280,280,280,2,5/13/2021,7 Farragut Center,985.4,debit card,expedited,pending
281,281,281,96,8/9/2022,01 Parkside Avenue,2632.38,credit card,overnight,shipped
282,282,282,23,12/1/2021,9 Crescent Oaks Alley,4290.5,PayPal,overnight,pending
283,283,283,96,1/1/2022,0188 Jay Street,3853.86,credit card,expedited,delivered
284,284,284,35,11/29/2021,36953 Rigney Park,9931.13,credit card,overnight,pending
285,285,285,49,11/16/2022,59 Messerschmidt Way,8243.66,credit card,expedited,pending
286,286,286,87,2/7/2020,13950 Lillian Park,611.19,credit card,overnight,delivered
287,287,287,57,5/30/2021,8 Lien Trail,6038.64,debit card,overnight,shipped
288,288,288,91,3/7/2022,729 Banding Pass,39.62,credit card,standard,shipped
289,289,289,56,6/23/2022,449 Gina Street,9691.65,PayPal,overnight,shipped
290,290,290,51,12/19/2022,173 Stoughton Road,2375.91,debit card,expedited,pending
291,291,291,75,7/12/2022,98 Mcguire Avenue,9330.95,PayPal,overnight,processing
292,292,292,95,3/13/2020,4 Vernon Center,3046.7,credit card,standard,shipped
293,293,293,94,2/28/2021,690 Dunning Avenue,1040.35,credit card,overnight,delivered
294,294,294,83,12/12/2022,00 Trailsway Street,6428.61,debit card,overnight,shipped
295,295,295,71,9/11/2022,03314 Springview Avenue,32.57,debit card,expedited,delivered
296,296,296,48,11/30/2020,22 Nevada Center,4981.28,PayPal,expedited,pending
297,297,297,45,12/9/2022,6 Northport Junction,8585.87,credit card,expedited,delivered
298,298,298,89,3/15/2020,22625 Village Green Pass,3769.1,PayPal,standard,pending
299,299,299,47,3/26/2020,2714 Sutteridge Alley,1885.73,PayPal,overnight,shipped
300,300,300,46,7/25/2020,740 Chive Drive,4909.1,credit card,overnight,delivered
301,301,301,91,8/12/2022,3 Rutledge Center,2360.01,PayPal,expedited,processing
302,302,302,34,6/23/2021,0916 Moose Court,8234.56,credit card,expedited,shipped
303,303,303,46,11/4/2020,9025 Fuller Road,8711.09,PayPal,standard,pending
304,304,304,78,11/25/2021,766 Del Mar Road,952.43,credit card,standard,pending
305,305,305,77,7/16/2021,93882 Annamark Place,1227.57,PayPal,overnight,shipped
306,306,306,59,9/8/2020,46 Golden Leaf Avenue,5864.56,credit card,expedited,processing
307,307,307,22,9/11/2020,5698 Old Shore Crossing,6609.8,credit card,standard,pending
308,308,308,56,6/28/2022,623 Ilene Pass,4089.05,debit card,overnight,processing
309,309,309,28,3/8/2021,3563 Stuart Alley,1970.64,credit card,expedited,pending
310,310,310,81,7/6/2022,12 Judy Court,3249.2,credit card,expedited,processing
311,311,311,83,9/21/2020,9 Del Mar Circle,5187.32,PayPal,standard,delivered
312,312,312,67,3/30/2021,030 Eagan Hill,3599.74,credit card,overnight,processing
313,313,313,57,7/22/2020,9 Bunting Point,2973.44,PayPal,expedited,delivered
314,314,314,90,8/17/2020,42 Mcguire Pass,3336.9,debit card,overnight,processing
315,315,315,91,6/17/2021,2 Grasskamp Circle,3287.87,credit card,standard,shipped
316,316,316,55,2/7/2022,19 Messerschmidt Circle,2318.25,PayPal,standard,shipped
317,317,317,13,7/4/2022,30880 Bartillon Avenue,3492.58,PayPal,expedited,pending
318,318,318,96,4/25/2020,270 Novick Hill,8214.41,credit card,expedited,processing
319,319,319,18,11/5/2021,473 Main Way,1836.8,PayPal,expedited,delivered
320,320,320,67,7/31/2022,37071 Loftsgordon Court,8380.01,debit card,standard,processing
321,321,321,10,6/11/2021,26 Shoshone Court,9988.56,credit card,standard,pending
322,322,322,15,6/24/2020,6591 Amoth Trail,824.51,debit card,standard,shipped
323,323,323,23,3/29/2020,82 Comanche Hill,3352.34,PayPal,expedited,shipped
324,324,324,72,8/18/2020,96305 Straubel Junction,8017.46,credit card,overnight,shipped
325,325,325,79,3/15/2020,81202 Longview Parkway,289.7,credit card,standard,shipped
326,326,326,33,3/22/2020,04 Schurz Way,4004.46,debit card,overnight,shipped
327,327,327,8,4/9/2020,16852 Bunker Hill Drive,1745.42,debit card,standard,pending
328,328,328,97,11/19/2020,4 Kinsman Plaza,273.6,debit card,standard,shipped
329,329,329,45,4/18/2020,29413 Sommers Lane,4929.94,credit card,overnight,processing
330,330,330,87,7/21/2022,4456 Anhalt Terrace,2733.64,credit card,overnight,shipped
331,331,331,84,10/18/2020,7049 John Wall Plaza,5985.35,PayPal,standard,shipped
332,332,332,89,8/31/2020,032 Prairie Rose Alley,5948.32,credit card,overnight,pending
333,333,333,3,7/4/2020,75323 Judy Terrace,626.01,credit card,expedited,delivered
334,334,334,45,4/13/2020,90 Granby Court,5068.07,PayPal,standard,shipped
335,335,335,2,1/25/2021,61 Bonner Pass,8637.29,credit card,overnight,delivered
336,336,336,64,5/16/2022,23 Trailsway Trail,4222.27,debit card,expedited,shipped
337,337,337,40,4/26/2021,7 International Circle,7550.11,debit card,standard,processing
338,338,338,77,10/22/2022,8 Sommers Point,8122.6,credit card,standard,pending
339,339,339,2,1/16/2021,95 Birchwood Way,1210.41,PayPal,overnight,delivered
340,340,340,5,1/22/2020,98 Dixon Terrace,7534.76,PayPal,overnight,delivered
341,341,341,17,3/7/2022,2 Forest Dale Avenue,8083.35,debit card,standard,processing
342,342,342,51,7/7/2022,1 Marcy Drive,1649.74,PayPal,overnight,delivered
343,343,343,72,1/8/2021,482 Carey Court,6865.88,PayPal,standard,processing
344,344,344,24,10/21/2022,365 Heath Court,162.66,credit card,expedited,processing
345,345,345,90,6/23/2021,2 Hermina Road,685.13,debit card,standard,processing
346,346,346,5,7/20/2020,2778 Coleman Drive,2859.75,PayPal,standard,shipped
347,347,347,42,9/4/2020,816 Sloan Pass,1136.25,debit card,expedited,pending
348,348,348,39,3/21/2021,63 Dryden Pass,9696.9,PayPal,overnight,pending
349,349,349,22,10/10/2022,65666 Sommers Circle,6425.34,credit card,standard,delivered
350,350,350,46,10/5/2021,00 Stoughton Drive,8389.89,debit card,expedited,processing
351,351,351,7,10/27/2020,2715 Union Circle,9955.55,debit card,overnight,shipped
352,352,352,17,9/7/2020,9036 Rutledge Court,2242.82,credit card,expedited,delivered
353,353,353,7,1/14/2021,350 Laurel Crossing,7198.05,credit card,overnight,delivered
354,354,354,66,4/19/2020,51 South Street,5629.21,credit card,overnight,processing
355,355,355,50,7/15/2020,3 Mitchell Circle,8934.49,PayPal,expedited,delivered
356,356,356,25,3/28/2021,33 Darwin Way,6831.59,PayPal,expedited,shipped
357,357,357,68,4/18/2021,1 Stoughton Crossing,5750.97,credit card,expedited,processing
358,358,358,82,4/13/2022,28 Continental Terrace,7707.89,PayPal,expedited,delivered
359,359,359,100,9/7/2022,14 Farwell Point,7509.43,PayPal,expedited,processing
360,360,360,29,10/19/2020,1 Fieldstone Alley,8552.75,PayPal,standard,shipped
361,361,361,72,2/12/2020,404 Mosinee Plaza,6675.45,credit card,standard,processing
362,362,362,67,1/14/2020,4 Oxford Hill,9469.58,debit card,standard,processing
363,363,363,78,7/29/2022,8 Scott Avenue,1800.7,credit card,standard,shipped
364,364,364,81,2/8/2022,81 Maple Wood Hill,3001.68,PayPal,expedited,shipped
365,365,365,85,1/27/2022,34 Corben Plaza,4475.96,PayPal,standard,delivered
366,366,366,48,7/16/2022,7 Merrick Junction,1207.17,credit card,expedited,delivered
367,367,367,34,5/3/2022,120 Nelson Alley,7989.09,debit card,overnight,delivered
368,368,368,10,6/3/2020,86 Bonner Circle,3991.51,credit card,standard,shipped
369,369,369,57,10/29/2021,7 Holmberg Road,4492.91,credit card,expedited,delivered
370,370,370,92,10/11/2022,847 Lukken Drive,5790.66,credit card,expedited,shipped
371,371,371,29,8/10/2022,61 Kipling Pass,4799.68,credit card,expedited,pending
372,372,372,78,4/5/2021,562 Green Street,4320.58,PayPal,overnight,shipped
373,373,373,75,7/30/2020,666 Hayes Parkway,7585.86,credit card,expedited,pending
374,374,374,28,7/6/2022,430 Sycamore Point,3654.98,debit card,overnight,delivered
375,375,375,54,3/29/2022,8552 Veith Parkway,2215.86,debit card,standard,shipped
376,376,376,83,8/27/2021,3 Carpenter Alley,2334.89,PayPal,expedited,delivered
377,377,377,58,2/9/2022,8956 Merrick Road,2598.42,PayPal,standard,delivered
378,378,378,89,3/5/2021,4 Carberry Point,7092.92,PayPal,expedited,shipped
379,379,379,52,10/9/2020,277 Colorado Plaza,1842.33,PayPal,standard,pending
380,380,380,33,4/29/2022,9528 Farragut Lane,8786.02,PayPal,overnight,pending
381,381,381,61,5/27/2022,88404 Golf Street,6245.41,debit card,standard,processing
382,382,382,90,6/25/2022,5 Hudson Circle,6959.84,credit card,standard,delivered
383,383,383,56,4/13/2021,70 Declaration Plaza,1843.42,PayPal,overnight,pending
384,384,384,52,2/10/2020,0 Utah Hill,941.14,PayPal,overnight,shipped
385,385,385,95,11/22/2021,9 Corry Road,1000.06,PayPal,standard,processing
386,386,386,28,8/18/2022,673 Bonner Lane,6068.43,PayPal,standard,pending
387,387,387,67,5/14/2020,98 Killdeer Junction,8633.59,debit card,expedited,pending
388,388,388,75,12/6/2022,6 Truax Circle,5485.21,credit card,overnight,delivered
389,389,389,57,5/22/2022,1293 Sunnyside Alley,4368.0,PayPal,standard,pending
390,390,390,65,9/28/2022,069 Portage Alley,9251.76,PayPal,expedited,delivered
391,391,391,34,12/15/2022,17320 Jana Terrace,4087.72,credit card,standard,delivered
392,392,392,94,9/16/2021,5 Bowman Court,3861.82,PayPal,expedited,pending
393,393,393,70,2/27/2022,741 Stuart Junction,5179.02,debit card,expedited,processing
394,394,394,25,8/8/2022,35 Vermont Court,7826.47,PayPal,standard,pending
395,395,395,58,5/31/2020,1122 Fairfield Junction,7497.3,PayPal,overnight,processing
396,396,396,15,10/23/2020,2260 Westend Junction,3773.09,debit card,standard,shipped
397,397,397,98,3/6/2022,03159 Mallard Trail,6941.16,debit card,standard,shipped
398,398,398,20,3/12/2020,52043 Tomscot Drive,445.22,credit card,overnight,pending
399,399,399,23,2/3/2022,6305 Hansons Place,5190.67,credit card,overnight,delivered
400,400,400,11,3/9/2020,38005 Roth Drive,2818.45,credit card,expedited,delivered
401,401,401,56,2/13/2021,204 Nelson Circle,7373.47,credit card,overnight,processing
402,402,402,49,4/4/2020,36 Morrow Street,6900.24,debit card,overnight,shipped
403,403,403,49,11/24/2020,39179 Oak Valley Court,7507.08,debit card,expedited,processing
404,404,404,11,11/7/2020,515 Hansons Road,8196.71,PayPal,standard,delivered
405,405,405,61,3/12/2021,3771 Mcbride Place,2332.6,credit card,expedited,processing
406,406,406,39,7/26/2020,8 Thierer Avenue,1081.48,credit card,overnight,pending
407,407,407,31,7/7/2021,346 Fallview Alley,7218.76,debit card,overnight,shipped
408,408,408,12,10/8/2022,67 Annamark Trail,6770.42,PayPal,overnight,processing
409,409,409,55,5/22/2022,8 Mendota Alley,9473.55,credit card,expedited,delivered
410,410,410,75,10/19/2022,38 Dexter Drive,3664.1,PayPal,expedited,pending
411,411,411,35,4/4/2020,403 Lillian Lane,3572.04,PayPal,expedited,pending
412,412,412,11,10/14/2021,066 Killdeer Park,2213.67,debit card,expedited,pending
413,413,413,62,4/17/2021,8 Hoffman Drive,3163.82,PayPal,standard,shipped
414,414,414,6,2/21/2021,91 John Wall Center,6862.6,debit card,standard,delivered
415,415,415,65,2/6/2022,50060 Del Sol Court,4720.73,credit card,overnight,shipped
416,416,416,95,3/2/2022,8311 Fisk Avenue,3653.71,PayPal,overnight,shipped
417,417,417,20,1/6/2021,16 Iowa Court,7024.09,credit card,overnight,delivered
418,418,418,22,1/8/2022,560 Eastwood Parkway,4219.51,debit card,overnight,pending
419,419,419,6,5/30/2021,99213 Green Avenue,7559.16,debit card,standard,delivered
420,420,420,86,12/23/2020,04 Thierer Road,9918.16,credit card,expedited,delivered
421,421,421,92,5/13/2021,87 Katie Street,7204.08,credit card,expedited,processing
422,422,422,42,4/4/2021,7639 Sycamore Pass,3135.4,PayPal,expedited,delivered
423,423,423,88,10/25/2020,307 Holy Cross Alley,1687.09,debit card,expedited,processing
424,424,424,34,10/13/2022,60 Derek Parkway,2895.44,debit card,expedited,processing
425,425,425,51,11/3/2021,74 Continental Hill,537.42,PayPal,overnight,pending
426,426,426,46,3/16/2021,8 Ridge Oak Hill,5562.79,debit card,standard,processing
427,427,427,95,10/2/2020,79004 Burning Wood Lane,619.88,debit card,expedited,delivered
428,428,428,80,11/26/2021,9676 Melvin Circle,7905.39,debit card,standard,delivered
429,429,429,39,8/19/2021,52 Garrison Circle,2130.62,PayPal,overnight,shipped
430,430,430,63,5/7/2022,586 Blaine Parkway,9344.22,debit card,standard,processing
431,431,431,15,1/28/2022,3 Milwaukee Way,1732.69,credit card,overnight,shipped
432,432,432,40,5/31/2021,2774 Hoard Lane,9650.32,PayPal,overnight,pending
433,433,433,48,3/11/2021,3665 Spenser Way,166.78,credit card,standard,processing
434,434,434,54,5/13/2020,165 Northview Center,1846.3,credit card,overnight,delivered
435,435,435,62,8/31/2022,8 Bluejay Lane,188.35,PayPal,overnight,processing
436,436,436,7,5/9/2022,6 Jenifer Trail,2262.96,credit card,standard,processing
437,437,437,38,4/4/2020,7 Center Plaza,8436.34,PayPal,overnight,pending
438,438,438,33,10/9/2022,8 8th Terrace,2886.28,debit card,standard,processing
439,439,439,36,12/25/2020,69 Manley Road,9926.77,credit card,standard,pending
440,440,440,30,8/2/2021,5727 Carioca Center,3419.86,debit card,expedited,shipped
441,441,441,13,11/19/2021,96424 Mcguire Pass,2410.6,PayPal,standard,delivered
442,442,442,51,12/31/2020,02891 Melody Crossing,6992.08,debit card,overnight,shipped
443,443,443,80,7/19/2020,9 Chinook Way,2254.79,debit card,overnight,pending
444,444,444,1,7/17/2020,36828 Clemons Parkway,6756.33,debit card,standard,pending
445,445,445,81,10/20/2021,5049 Buena Vista Alley,9199.86,credit card,expedited,processing
446,446,446,14,8/12/2021,02 Vermont Drive,2912.17,credit card,expedited,delivered
447,447,447,61,7/29/2022,98694 Pawling Hill,8087.86,credit card,overnight,pending
448,448,448,22,4/11/2021,8691 Grasskamp Junction,9736.97,credit card,standard,pending
449,449,449,15,1/29/2022,1814 Carioca Trail,1381.99,PayPal,standard,pending
450,450,450,64,8/12/2020,5 Mockingbird Road,5347.3,debit card,expedited,shipped
451,451,451,75,11/21/2020,41 Bartillon Way,762.83,credit card,overnight,shipped
452,452,452,55,8/17/2020,8353 Redwing Terrace,6294.35,credit card,standard,shipped
453,453,453,52,5/13/2021,8067 Artisan Way,8931.82,debit card,expedited,pending
454,454,454,52,11/10/2020,78 Springs Point,1204.39,PayPal,overnight,delivered
455,455,455,40,3/19/2020,671 Stang Lane,7218.94,debit card,overnight,shipped
456,456,456,86,8/9/2020,0491 Heath Street,6256.68,PayPal,standard,delivered
457,457,457,20,7/7/2020,7 Rigney Road,8035.83,credit card,overnight,processing
458,458,458,38,3/7/2021,07 Namekagon Way,1932.27,PayPal,expedited,processing
459,459,459,37,2/28/2022,68307 Hoepker Point,8504.88,PayPal,expedited,delivered
460,460,460,75,4/6/2022,04535 Novick Drive,7703.23,PayPal,standard,shipped
461,461,461,73,11/3/2022,391 Sundown Center,7468.67,credit card,overnight,delivered
462,462,462,20,2/25/2022,7304 Parkside Alley,6496.02,PayPal,overnight,delivered
463,463,463,84,4/11/2022,85 Spohn Terrace,5019.92,credit card,standard,processing
464,464,464,61,4/24/2022,938 Daystar Court,3383.09,credit card,standard,pending
465,465,465,96,1/20/2020,4 Pine View Circle,3596.53,credit card,overnight,pending
466,466,466,98,5/10/2022,7985 Kensington Hill,8475.97,debit card,expedited,pending
467,467,467,80,11/28/2020,1311 Muir Place,7383.88,PayPal,overnight,pending
468,468,468,18,1/25/2021,331 Valley Edge Hill,1937.89,PayPal,standard,pending
469,469,469,24,6/13/2021,0984 Meadow Valley Drive,8214.18,debit card,overnight,pending
470,470,470,20,8/28/2022,70083 Marcy Circle,4089.95,debit card,standard,processing
471,471,471,56,9/15/2022,3176 Westridge Way,7215.33,credit card,standard,shipped
472,472,472,4,11/28/2021,2 Muir Circle,24.92,credit card,expedited,pending
473,473,473,40,3/22/2022,3 Calypso Terrace,4340.72,credit card,standard,pending
474,474,474,59,3/4/2020,02 Larry Circle,6088.62,debit card,standard,pending
475,475,475,81,12/26/2021,3458 Morrow Terrace,5798.45,debit card,overnight,pending
476,476,476,73,7/25/2020,98555 Westend Center,9204.99,PayPal,expedited,shipped
477,477,477,97,5/7/2021,773 Canary Trail,2915.15,credit card,expedited,pending
478,478,478,87,5/25/2020,433 Elmside Parkway,5717.88,debit card,expedited,shipped
479,479,479,79,8/2/2022,71672 Alpine Pass,5070.67,debit card,standard,processing
480,480,480,100,3/11/2021,50 Dahle Trail,6011.81,PayPal,overnight,pending
481,481,481,55,10/11/2022,6076 Nova Crossing,9538.41,debit card,overnight,pending
482,482,482,57,9/24/2022,555 Tomscot Center,1640.94,credit card,standard,shipped
483,483,483,22,9/13/2022,5 Susan Street,4841.8,credit card,standard,shipped
484,484,484,12,9/11/2022,9771 Algoma Road,1190.34,credit card,standard,shipped
485,485,485,64,11/3/2021,73 Garrison Parkway,209.3,credit card,standard,shipped
486,486,486,72,10/25/2021,41 Harbort Street,9000.64,PayPal,overnight,shipped
487,487,487,76,12/6/2021,5463 Veith Plaza,9821.26,PayPal,expedited,pending
488,488,488,33,7/24/2020,381 Crescent Oaks Parkway,4525.39,credit card,expedited,delivered
489,489,489,90,3/10/2022,859 Veith Lane,1719.25,PayPal,expedited,pending
490,490,490,36,3/18/2021,5340 Sutherland Center,8103.3,PayPal,standard,shipped
491,491,491,23,6/10/2020,1 Brentwood Circle,3160.91,debit card,expedited,pending
492,492,492,38,2/17/2020,28952 Garrison Plaza,5225.39,credit card,overnight,shipped
493,493,493,51,3/19/2022,4 Vernon Court,4422.13,credit card,standard,delivered
494,494,494,78,6/29/2020,64 Independence Terrace,5287.39,PayPal,overnight,shipped
495,495,495,38,6/2/2022,4158 Burning Wood Center,8022.19,PayPal,overnight,pending
496,496,496,27,10/2/2021,0 Dottie Trail,2271.93,credit card,overnight,shipped
497,497,497,60,11/27/2022,014 Forest Run Street,6879.79,PayPal,overnight,pending
498,498,498,18,3/7/2020,217 Browning Junction,875.81,PayPal,standard,processing
499,499,499,80,9/26/2021,9302 Independence Parkway,1347.79,PayPal,expedited,shipped
500,500,500,80,9/4/2022,31670 Portage Pass,7040.56,credit card,overnight,processing
501,501,501,99,7/21/2021,8731 Grasskamp Circle,488.56,credit card,expedited,delivered
502,502,502,37,7/8/2022,94122 Melby Lane,8518.27,credit card,expedited,pending
503,503,503,10,4/30/2022,7 Rieder Street,1432.14,debit card,expedited,delivered
504,504,504,2,10/18/2020,0092 Holy Cross Place,634.34,PayPal,standard,processing
505,505,505,64,8/9/2022,906 Bonner Parkway,2272.52,credit card,overnight,pending
506,506,506,89,2/10/2020,08 Armistice Alley,8630.02,debit card,overnight,delivered
507,507,507,87,4/14/2021,21574 Northfield Trail,4713.02,credit card,expedited,processing
508,508,508,77,12/15/2022,8415 Cordelia Junction,1485.43,debit card,standard,shipped
509,509,509,64,2/14/2022,20099 Knutson Avenue,5673.51,credit card,overnight,processing
510,510,510,55,5/16/2020,68384 Aberg Plaza,9316.27,debit card,standard,pending
511,511,511,28,1/8/2020,85 Warner Junction,4132.74,credit card,expedited,pending
512,512,512,42,6/8/2022,4989 Lindbergh Crossing,3225.69,credit card,expedited,processing
513,513,513,59,1/30/2020,2 Bunker Hill Junction,8336.79,credit card,standard,shipped
514,514,514,65,3/8/2021,527 Division Place,3327.77,PayPal,standard,processing
515,515,515,43,9/13/2022,726 Duke Court,9382.91,credit card,standard,pending
516,516,516,3,2/24/2021,31708 Oneill Hill,8148.98,PayPal,expedited,pending
517,517,517,54,10/25/2021,22 Reindahl Circle,7316.2,debit card,overnight,processing
518,518,518,54,1/22/2022,1050 Vernon Avenue,6606.69,PayPal,expedited,delivered
519,519,519,10,1/3/2022,47427 Northwestern Junction,2052.17,PayPal,standard,processing
520,520,520,41,3/22/2022,39 Di Loreto Trail,8137.61,credit card,overnight,pending
521,521,521,49,9/17/2022,55527 Sutteridge Park,9404.07,PayPal,standard,delivered
522,522,522,36,3/5/2020,646 Helena Alley,6392.94,PayPal,expedited,processing
523,523,523,99,2/6/2022,031 Graceland Parkway,4932.2,credit card,standard,processing
524,524,524,60,5/9/2021,456 Oakridge Street,7110.78,debit card,standard,delivered
525,525,525,70,11/23/2020,0382 8th Court,8824.89,credit card,standard,delivered
526,526,526,21,7/22/2021,8858 Crescent Oaks Junction,431.39,debit card,overnight,processing
527,527,527,13,4/15/2020,20 Sheridan Trail,7881.74,PayPal,expedited,delivered
528,528,528,88,6/30/2020,7 Golf Course Street,6173.56,debit card,expedited,processing
529,529,529,84,9/9/2020,58413 Heath Trail,5606.61,credit card,standard,shipped
530,530,530,49,2/3/2021,773 Bunting Alley,2573.42,PayPal,overnight,delivered
531,531,531,31,6/12/2021,2 Center Place,9892.76,debit card,standard,pending
532,532,532,57,11/22/2022,23 Surrey Point,6331.62,debit card,overnight,processing
533,533,533,51,8/14/2020,203 Judy Park,7218.51,debit card,standard,processing
534,534,534,40,1/15/2020,652 Southridge Street,4962.53,debit card,expedited,processing
535,535,535,41,2/16/2022,332 Bayside Crossing,1666.4,credit card,overnight,processing
536,536,536,70,7/18/2022,43 Mitchell Hill,8246.24,credit card,expedited,pending
537,537,537,59,3/25/2020,45 Melrose Park,3677.49,PayPal,standard,processing
538,538,538,30,11/17/2020,85 Marquette Hill,2707.9,debit card,standard,shipped
539,539,539,29,9/24/2020,59867 Melvin Parkway,5134.65,debit card,overnight,delivered
540,540,540,64,2/2/2020,8 Division Park,1238.97,credit card,overnight,processing
541,541,541,73,9/10/2021,31347 4th Park,2967.72,PayPal,expedited,processing
542,542,542,92,2/27/2021,3850 Laurel Park,6736.4,credit card,overnight,delivered
543,543,543,47,1/2/2021,696 Moose Center,7317.68,PayPal,standard,pending
544,544,544,94,6/24/2021,6145 Thierer Street,3069.87,credit card,standard,delivered
545,545,545,55,8/18/2020,5633 Hayes Parkway,4981.03,PayPal,standard,delivered
546,546,546,84,8/25/2020,7314 Weeping Birch Hill,2663.3,PayPal,overnight,shipped
547,547,547,71,7/9/2020,21686 Dexter Parkway,9780.14,debit card,overnight,processing
548,548,548,27,9/5/2020,1474 Tennyson Circle,3975.72,PayPal,expedited,delivered
549,549,549,65,3/7/2022,087 Lawn Hill,3561.34,debit card,expedited,pending
550,550,550,46,5/24/2020,5 Moland Court,31.75,PayPal,overnight,pending
551,551,551,98,4/7/2021,671 Hovde Alley,7764.64,PayPal,overnight,delivered
552,552,552,6,3/15/2020,326 Schlimgen Road,9778.86,PayPal,standard,pending
553,553,553,59,6/9/2020,2 Marcy Terrace,3098.68,PayPal,standard,delivered
554,554,554,52,5/29/2022,7395 Westport Road,9189.65,credit card,standard,delivered
555,555,555,22,12/27/2020,5256 Clove Center,134.75,credit card,expedited,delivered
556,556,556,49,5/27/2020,67281 Steensland Circle,3352.71,debit card,standard,pending
557,557,557,49,11/27/2020,9 Nobel Alley,7738.34,debit card,overnight,delivered
558,558,558,92,12/18/2021,9904 Hazelcrest Road,765.51,credit card,standard,delivered
559,559,559,89,3/5/2021,277 Corscot Court,3031.72,debit card,standard,processing
560,560,560,87,1/1/2021,79786 Menomonie Center,6618.89,PayPal,overnight,shipped
561,561,561,77,3/3/2022,364 Killdeer Place,8171.46,PayPal,standard,pending
562,562,562,12,9/29/2020,79 Dahle Park,2504.07,credit card,standard,processing
563,563,563,9,7/30/2020,28233 Sunbrook Street,9517.75,credit card,overnight,delivered
564,564,564,71,8/3/2021,88886 Melrose Junction,4796.93,PayPal,standard,processing
565,565,565,99,3/5/2020,997 Arizona Alley,5771.21,debit card,expedited,delivered
566,566,566,20,1/21/2021,10921 Center Pass,4291.72,debit card,overnight,delivered
567,567,567,25,12/12/2022,7318 Dorton Center,6993.11,credit card,overnight,delivered
568,568,568,26,5/7/2020,91 Aberg Way,5791.11,PayPal,expedited,pending
569,569,569,18,1/31/2022,27059 Mitchell Street,926.18,credit card,standard,pending
570,570,570,85,12/6/2021,846 1st Crossing,9465.14,debit card,overnight,delivered
571,571,571,38,4/8/2022,8535 Shasta Circle,8040.24,credit card,standard,processing
572,572,572,99,3/10/2020,49323 Lukken Junction,2337.96,PayPal,overnight,shipped
573,573,573,86,4/15/2022,666 Lake View Center,8122.96,PayPal,standard,processing
574,574,574,90,11/15/2022,7 Schmedeman Road,4801.22,credit card,expedited,shipped
575,575,575,14,6/5/2022,7359 Washington Plaza,959.42,PayPal,expedited,shipped
576,576,576,80,8/25/2022,52179 Fulton Road,4645.47,PayPal,standard,processing
577,577,577,69,6/10/2021,6050 Warrior Trail,4503.9,credit card,overnight,processing
578,578,578,83,12/20/2021,6669 Cordelia Terrace,6661.7,debit card,expedited,pending
579,579,579,26,3/20/2022,4 Northfield Crossing,9845.23,credit card,expedited,shipped
580,580,580,92,9/20/2020,261 Shelley Plaza,4196.16,PayPal,overnight,delivered
581,581,581,94,12/17/2020,72 Nevada Street,8575.27,PayPal,overnight,delivered
582,582,582,34,4/6/2022,23422 Golf Court,3176.89,debit card,expedited,shipped
583,583,583,71,5/14/2021,58 Coolidge Hill,3318.58,credit card,standard,delivered
584,584,584,100,8/26/2020,8786 Myrtle Drive,7139.15,credit card,overnight,processing
585,585,585,70,12/3/2021,248 Cordelia Plaza,1341.13,credit card,standard,delivered
586,586,586,32,2/5/2021,2768 Thierer Center,9521.45,debit card,overnight,shipped
587,587,587,82,1/16/2021,98 Kinsman Junction,4995.82,PayPal,expedited,shipped
588,588,588,5,10/26/2020,71 Donald Street,3056.19,credit card,overnight,delivered
589,589,589,82,6/8/2022,5 Starling Center,4245.91,debit card,expedited,shipped
590,590,590,8,10/29/2020,90 2nd Road,192.73,PayPal,expedited,processing
591,591,591,46,9/6/2022,9 Melby Point,1005.36,credit card,standard,pending
592,592,592,67,10/27/2022,2718 Elgar Trail,2375.33,credit card,overnight,delivered
593,593,593,27,12/19/2020,06031 Jenna Plaza,7678.9,PayPal,expedited,shipped
594,594,594,96,9/9/2020,8 Union Street,3897.01,credit card,standard,processing
595,595,595,2,5/27/2020,99 Badeau Drive,3601.81,debit card,standard,pending
596,596,596,7,2/3/2021,14 Novick Point,4524.03,debit card,expedited,shipped
597,597,597,94,9/25/2021,37 Butterfield Court,4723.43,PayPal,expedited,processing
598,598,598,57,10/28/2021,75151 Hollow Ridge Parkway,6702.79,debit card,overnight,pending
599,599,599,80,9/21/2022,36443 Charing Cross Terrace,2077.03,debit card,standard,shipped
600,600,600,86,4/3/2021,23778 Moland Drive,996.15,debit card,standard,delivered
601,601,601,32,8/26/2022,18676 Canary Way,4683.59,credit card,standard,shipped
602,602,602,29,11/21/2022,97 Barnett Lane,5405.13,PayPal,overnight,shipped
603,603,603,9,12/6/2021,47294 Golf Course Drive,3449.47,PayPal,expedited,shipped
604,604,604,96,6/30/2022,11196 Gina Circle,8814.99,PayPal,expedited,pending
605,605,605,99,3/3/2021,77 Di Loreto Road,1751.08,credit card,standard,processing
606,606,606,59,8/21/2021,463 Westend Way,4256.13,PayPal,standard,pending
607,607,607,22,3/29/2022,562 Coolidge Place,9296.02,PayPal,standard,shipped
608,608,608,58,4/16/2022,2 Duke Parkway,9603.44,PayPal,overnight,shipped
609,609,609,17,3/14/2020,50008 Eggendart Alley,702.63,credit card,expedited,processing
610,610,610,96,9/8/2020,633 Ridge Oak Park,1885.94,PayPal,overnight,shipped
611,611,611,56,4/1/2021,17087 Ridgeview Parkway,3514.06,PayPal,standard,shipped
612,612,612,33,6/3/2021,6482 Brown Hill,5223.16,debit card,overnight,pending
613,613,613,45,2/28/2020,367 Rieder Center,6311.76,debit card,standard,shipped
614,614,614,25,6/15/2020,52932 Memorial Road,8613.1,credit card,overnight,processing
615,615,615,81,7/3/2020,82 Schlimgen Pass,6346.47,debit card,expedited,pending
616,616,616,18,7/27/2021,831 2nd Hill,4497.19,credit card,overnight,processing
617,617,617,81,4/17/2020,284 Browning Plaza,8074.4,debit card,expedited,delivered
618,618,618,64,3/28/2020,35829 Fulton Lane,6876.22,credit card,expedited,delivered
619,619,619,55,3/11/2020,0 Katie Street,9777.21,PayPal,standard,delivered
620,620,620,46,1/3/2021,27 Lillian Road,7124.17,debit card,expedited,pending
621,621,621,49,10/1/2022,61939 Meadow Vale Place,8557.6,PayPal,overnight,shipped
622,622,622,55,11/27/2021,9 Weeping Birch Road,8515.69,credit card,standard,pending
623,623,623,29,10/31/2022,2022 Crest Line Place,8664.92,debit card,standard,delivered
624,624,624,31,3/8/2020,6 Kipling Road,9024.33,debit card,overnight,shipped
625,625,625,44,3/14/2022,43 Vahlen Place,2508.0,PayPal,expedited,pending
626,626,626,91,8/11/2021,55 Carpenter Place,5467.72,credit card,overnight,shipped
627,627,627,6,3/18/2021,2 Sheridan Plaza,8607.87,credit card,expedited,processing
628,628,628,25,1/7/2021,35955 Thackeray Hill,4536.09,debit card,standard,shipped
629,629,629,18,2/24/2022,49701 Waywood Crossing,3499.67,credit card,standard,delivered
630,630,630,2,4/20/2021,562 Esker Crossing,9351.52,credit card,overnight,processing
631,631,631,96,12/22/2021,2158 Sutteridge Drive,3546.69,PayPal,standard,processing
632,632,632,48,12/22/2021,4050 Brown Pass,305.98,debit card,standard,processing
633,633,633,35,4/27/2020,3 Redwing Hill,5323.02,PayPal,expedited,shipped
634,634,634,14,8/15/2022,55418 Dryden Point,383.25,PayPal,standard,delivered
635,635,635,45,3/27/2020,99834 Orin Place,1906.52,credit card,expedited,shipped
636,636,636,14,11/2/2022,9682 Caliangt Crossing,5523.84,PayPal,expedited,processing
637,637,637,3,10/9/2020,66790 Lien Drive,433.27,debit card,expedited,shipped
638,638,638,23,5/14/2022,69674 Morningstar Road,970.16,credit card,standard,pending
639,639,639,50,11/7/2020,6 Pankratz Way,7005.4,debit card,expedited,processing
640,640,640,26,4/7/2022,3 Vernon Avenue,8841.88,debit card,standard,processing
641,641,641,2,6/30/2021,26449 Katie Way,7605.81,PayPal,standard,pending
642,642,642,76,12/26/2022,1585 Upham Avenue,6572.97,PayPal,expedited,shipped
643,643,643,1,8/28/2020,00 Kipling Terrace,5275.58,debit card,expedited,pending
644,644,644,73,10/29/2021,6 Northport Crossing,5742.56,PayPal,overnight,processing
645,645,645,40,11/9/2020,9 Messerschmidt Junction,1923.67,credit card,overnight,delivered
646,646,646,59,9/27/2020,0254 Parkside Park,1898.42,PayPal,overnight,pending
647,647,647,60,5/29/2021,797 Brentwood Place,8511.83,debit card,standard,delivered
648,648,648,36,9/3/2022,7 Merchant Hill,9731.14,debit card,standard,delivered
649,649,649,97,6/10/2021,72 Welch Road,9810.81,credit card,expedited,processing
650,650,650,54,2/19/2020,213 Village Green Center,7480.64,PayPal,overnight,pending
651,651,651,1,3/8/2021,9742 Kingsford Point,4966.52,credit card,overnight,pending
652,652,652,86,7/7/2020,4793 Southridge Circle,4659.05,debit card,expedited,pending
653,653,653,30,1/21/2021,679 Jana Road,1370.75,debit card,standard,pending
654,654,654,46,6/29/2021,7410 Sutherland Road,3027.6,credit card,standard,processing
655,655,655,83,7/2/2020,8339 Hollow Ridge Hill,4885.82,credit card,expedited,pending
656,656,656,93,4/24/2021,5 Homewood Pass,3822.19,credit card,expedited,processing
657,657,657,49,9/24/2020,0 Rieder Parkway,7604.51,debit card,overnight,shipped
658,658,658,15,6/7/2021,0220 Eastlawn Circle,2279.27,debit card,standard,shipped
659,659,659,52,6/20/2022,18588 Vermont Avenue,1089.37,credit card,overnight,pending
660,660,660,12,6/4/2021,6 Brentwood Terrace,3197.45,PayPal,standard,pending
661,661,661,96,10/24/2022,286 Farragut Pass,4350.1,debit card,overnight,shipped
662,662,662,26,7/23/2022,67 Shelley Hill,2996.33,debit card,expedited,delivered
663,663,663,19,9/29/2021,4400 Utah Junction,4836.45,PayPal,standard,delivered
664,664,664,18,7/16/2022,212 Mccormick Alley,7118.31,credit card,overnight,pending
665,665,665,61,7/25/2020,69207 Pond Lane,626.76,debit card,standard,shipped
666,666,666,80,1/24/2020,1 Blackbird Crossing,8449.34,debit card,standard,processing
667,667,667,32,6/23/2020,145 Packers Avenue,7740.25,PayPal,expedited,pending
668,668,668,19,8/17/2020,36 Morrow Circle,9805.73,PayPal,standard,delivered
669,669,669,45,11/26/2020,10814 Lillian Pass,4546.82,credit card,overnight,shipped
670,670,670,61,12/13/2020,1 Tennessee Terrace,1485.57,credit card,standard,shipped
671,671,671,39,7/31/2022,11 Holmberg Plaza,1280.79,debit card,overnight,delivered
672,672,672,11,8/16/2020,0 Homewood Pass,5745.9,debit card,expedited,processing
673,673,673,59,6/9/2021,78526 Gale Place,3661.25,credit card,overnight,processing
674,674,674,4,8/25/2021,2 Briar Crest Trail,9325.44,PayPal,expedited,pending
675,675,675,51,11/30/2020,46007 Quincy Terrace,4275.35,credit card,expedited,pending
676,676,676,15,8/3/2021,65 Schmedeman Road,4530.76,PayPal,standard,pending
677,677,677,2,6/4/2022,355 Vahlen Point,195.95,credit card,standard,delivered
678,678,678,6,11/27/2022,97 Buhler Plaza,5735.62,credit card,overnight,shipped
679,679,679,76,12/24/2021,3 Anzinger Parkway,8476.35,PayPal,overnight,pending
680,680,680,90,3/23/2022,4573 Kenwood Road,1025.53,debit card,standard,shipped
681,681,681,27,9/2/2020,19 Oneill Point,927.15,debit card,standard,pending
682,682,682,51,5/6/2020,4446 Bluestem Lane,4832.24,credit card,expedited,shipped
683,683,683,47,11/2/2022,6665 Shelley Parkway,6087.84,credit card,expedited,delivered
684,684,684,73,9/20/2021,71302 Clove Place,9597.13,credit card,standard,pending
685,685,685,29,2/13/2020,64 Eastwood Street,4979.62,debit card,overnight,pending
686,686,686,35,7/13/2021,93 Bultman Center,9164.34,debit card,overnight,pending
687,687,687,32,12/6/2022,7 Montana Avenue,8895.98,debit card,standard,processing
688,688,688,41,10/14/2021,824 Surrey Crossing,8679.42,debit card,expedited,pending
689,689,689,46,8/1/2020,29 Florence Circle,7024.55,credit card,overnight,delivered
690,690,690,68,5/2/2022,11956 Bowman Junction,4586.98,debit card,expedited,delivered
691,691,691,73,7/27/2021,6136 Blaine Pass,3806.03,credit card,expedited,processing
692,692,692,73,8/7/2022,02089 Crowley Junction,9224.33,PayPal,expedited,pending
693,693,693,47,11/25/2022,0664 Colorado Junction,7240.3,PayPal,overnight,pending
694,694,694,50,9/25/2022,589 Messerschmidt Terrace,3655.78,debit card,standard,delivered
695,695,695,44,7/23/2021,60337 Chive Pass,4053.55,credit card,expedited,pending
696,696,696,54,10/24/2020,6664 Grover Crossing,2892.78,PayPal,standard,pending
697,697,697,31,7/23/2020,8 Ridgeway Alley,9053.36,debit card,overnight,pending
698,698,698,8,3/2/2021,90858 Oak Valley Lane,675.26,debit card,standard,processing
699,699,699,19,1/28/2020,0 Truax Terrace,4207.82,PayPal,standard,delivered
700,700,700,51,9/27/2021,3192 Kenwood Avenue,3978.8,debit card,standard,pending
701,701,701,68,4/19/2022,762 Russell Place,5145.42,credit card,expedited,shipped
702,702,702,90,1/11/2022,72104 Glacier Hill Circle,1358.09,credit card,expedited,shipped
703,703,703,18,10/29/2020,41 Express Road,2833.48,debit card,overnight,processing
704,704,704,88,5/24/2021,2 Crownhardt Terrace,4408.32,PayPal,expedited,shipped
705,705,705,70,2/25/2022,91294 Coolidge Park,5351.72,PayPal,expedited,shipped
706,706,706,15,3/4/2021,5 New Castle Lane,6579.23,credit card,standard,delivered
707,707,707,9,1/31/2022,38891 Eagle Crest Avenue,3541.83,debit card,standard,pending
708,708,708,18,4/12/2020,2 Nova Place,7933.8,PayPal,standard,delivered
709,709,709,75,1/19/2021,05744 Marquette Drive,8563.59,credit card,expedited,pending
710,710,710,8,2/29/2020,5249 Towne Alley,8476.06,PayPal,standard,processing
711,711,711,82,8/4/2021,8055 Heath Drive,754.38,debit card,overnight,shipped
712,712,712,88,5/13/2020,37 Barby Court,8948.38,credit card,standard,processing
713,713,713,27,9/1/2021,776 Morning Junction,39.83,debit card,overnight,pending
714,714,714,11,12/25/2020,77 Londonderry Avenue,9536.32,PayPal,overnight,shipped
715,715,715,50,9/7/2022,8 Cascade Park,2872.44,PayPal,standard,processing
716,716,716,85,6/7/2022,81 Goodland Lane,3959.69,credit card,overnight,shipped
717,717,717,34,11/16/2021,020 Kenwood Street,1427.04,PayPal,overnight,delivered
718,718,718,41,10/4/2021,22611 Graceland Pass,9125.99,PayPal,standard,pending
719,719,719,47,2/17/2020,4 Pierstorff Park,8366.28,credit card,standard,pending
720,720,720,2,7/10/2021,634 Becker Lane,2811.35,debit card,expedited,pending
721,721,721,14,3/28/2020,81 Bunker Hill Point,2542.17,PayPal,standard,shipped
722,722,722,27,10/29/2021,97 Crest Line Way,3184.37,credit card,expedited,pending
723,723,723,71,1/31/2022,47 Warrior Avenue,8831.94,PayPal,standard,shipped
724,724,724,80,1/4/2021,7983 Fordem Court,5153.25,credit card,overnight,pending
725,725,725,11,11/24/2021,168 Sunfield Center,6642.0,PayPal,standard,pending
726,726,726,9,4/25/2022,4148 Troy Plaza,2052.08,debit card,standard,shipped
727,727,727,65,2/1/2021,9 Mifflin Lane,1875.89,PayPal,overnight,processing
728,728,728,19,11/30/2022,39092 Scott Point,4138.62,debit card,expedited,processing
729,729,729,4,12/18/2022,440 Arizona Circle,7035.1,PayPal,overnight,delivered
730,730,730,71,3/31/2021,0318 Spenser Lane,9951.86,debit card,overnight,delivered
731,731,731,8,10/14/2020,13673 Waubesa Junction,285.03,PayPal,standard,delivered
732,732,732,63,9/11/2020,8 Northridge Crossing,3303.76,credit card,overnight,shipped
733,733,733,3,11/2/2021,37 Lawn Junction,8073.86,PayPal,expedited,processing
734,734,734,71,1/25/2020,95724 Melby Park,1002.44,credit card,standard,processing
735,735,735,48,3/31/2022,6 Stone Corner Alley,1862.79,credit card,standard,pending
736,736,736,87,6/17/2022,519 Schurz Terrace,5990.08,PayPal,overnight,pending
737,737,737,21,2/4/2020,9614 Myrtle Lane,911.52,credit card,standard,pending
738,738,738,52,11/21/2020,992 Derek Lane,9239.91,PayPal,expedited,shipped
739,739,739,94,9/10/2021,77658 Moose Alley,4726.09,PayPal,expedited,shipped
740,740,740,28,5/30/2021,6 Eggendart Drive,3050.68,debit card,overnight,pending
741,741,741,4,12/15/2022,619 Blackbird Point,3731.72,PayPal,expedited,delivered
742,742,742,35,6/15/2022,34857 Dryden Alley,1373.85,credit card,expedited,delivered
743,743,743,87,4/14/2022,81852 Waxwing Trail,3940.58,PayPal,standard,pending
744,744,744,42,4/17/2022,244 Troy Center,433.06,PayPal,overnight,shipped
745,745,745,77,8/5/2021,5 Gerald Alley,2942.72,PayPal,standard,delivered
746,746,746,67,7/28/2021,629 Donald Circle,8039.77,PayPal,standard,processing
747,747,747,54,8/2/2020,4959 Dunning Way,1823.27,PayPal,standard,shipped
748,748,748,49,5/24/2020,6 La Follette Hill,2658.72,PayPal,expedited,delivered
749,749,749,58,5/4/2021,53416 Kings Pass,2272.41,credit card,expedited,delivered
750,750,750,18,5/18/2022,016 Bowman Way,1185.32,debit card,overnight,shipped
751,751,751,25,4/28/2021,11 Rigney Crossing,6216.72,credit card,standard,shipped
752,752,752,57,6/17/2020,8722 Cottonwood Avenue,1526.86,debit card,overnight,pending
753,753,753,85,6/15/2020,97591 Fremont Crossing,5153.39,debit card,standard,processing
754,754,754,15,5/12/2020,2679 Parkside Parkway,5871.19,debit card,overnight,shipped
755,755,755,1,10/28/2022,384 Moulton Hill,3685.46,credit card,expedited,shipped
756,756,756,45,9/14/2020,78193 Bowman Park,189.72,debit card,overnight,processing
757,757,757,93,10/24/2022,7 Sunnyside Lane,624.36,debit card,expedited,delivered
758,758,758,36,11/14/2020,68042 Leroy Center,2777.04,PayPal,expedited,pending
759,759,759,5,11/25/2021,49 South Center,6965.44,credit card,overnight,delivered
760,760,760,30,6/27/2022,8956 Glendale Court,8231.81,credit card,standard,processing
761,761,761,44,6/3/2021,281 Elmside Lane,5847.42,debit card,overnight,processing
762,762,762,96,6/22/2021,57745 Calypso Terrace,747.08,debit card,expedited,shipped
763,763,763,14,4/24/2020,950 Straubel Lane,790.54,credit card,standard,shipped
764,764,764,20,4/19/2022,9 Hollow Ridge Road,2538.85,debit card,standard,delivered
765,765,765,88,5/8/2022,64 Prairieview Parkway,7308.33,credit card,expedited,delivered
766,766,766,47,6/4/2021,72 Hallows Court,1117.08,PayPal,expedited,pending
767,767,767,98,5/5/2021,9307 Spohn Place,9979.13,credit card,overnight,pending
768,768,768,59,5/15/2021,504 Everett Pass,4929.19,credit card,standard,processing
769,769,769,82,10/7/2020,56066 Reinke Way,3628.91,debit card,standard,processing
770,770,770,63,6/4/2022,5079 Merry Lane,4065.94,credit card,standard,shipped
771,771,771,35,5/2/2020,35 Darwin Crossing,7874.79,debit card,expedited,processing
772,772,772,7,5/10/2021,2851 Bluejay Pass,68.35,debit card,expedited,processing
773,773,773,37,5/24/2021,662 Autumn Leaf Point,1079.31,credit card,standard,pending
774,774,774,55,1/28/2021,09933 Wayridge Way,3667.8,PayPal,expedited,pending
775,775,775,59,12/22/2020,1 Coolidge Park,2648.92,credit card,expedited,shipped
776,776,776,52,2/4/2021,3899 Heffernan Point,9482.78,PayPal,overnight,processing
777,777,777,73,5/18/2022,0143 Green Ridge Court,4161.04,debit card,standard,shipped
778,778,778,21,3/30/2020,9835 Aberg Junction,4683.17,PayPal,standard,delivered
779,779,779,71,11/25/2021,50413 Gerald Hill,3359.3,PayPal,expedited,delivered
780,780,780,8,3/9/2021,48 Scoville Road,1465.03,PayPal,expedited,processing
781,781,781,24,9/18/2020,32 Scofield Road,4164.3,PayPal,expedited,pending
782,782,782,11,6/2/2020,52 Blue Bill Park Court,8441.25,debit card,standard,shipped
783,783,783,32,2/21/2022,75433 Sloan Parkway,9327.22,PayPal,expedited,processing
784,784,784,50,5/5/2022,954 Lien Road,8108.24,debit card,standard,pending
785,785,785,80,12/20/2021,40049 Brickson Park Trail,6455.81,debit card,expedited,pending
786,786,786,63,10/15/2020,737 Lawn Trail,5608.36,debit card,expedited,shipped
787,787,787,80,10/19/2020,3115 Sullivan Park,6953.08,credit card,expedited,processing
788,788,788,87,8/29/2021,8728 Straubel Parkway,5358.27,PayPal,expedited,delivered
789,789,789,67,4/9/2020,09095 Luster Parkway,8956.33,debit card,overnight,shipped
790,790,790,70,5/31/2021,243 Graceland Point,158.17,debit card,expedited,pending
791,791,791,32,6/24/2021,6872 Sullivan Pass,5435.79,debit card,overnight,pending
792,792,792,33,5/18/2022,5 Sundown Hill,6425.19,PayPal,standard,delivered
793,793,793,60,6/18/2021,000 Namekagon Pass,4301.31,credit card,standard,pending
794,794,794,25,8/28/2021,64998 Larry Point,5363.87,credit card,expedited,shipped
795,795,795,21,4/9/2021,9907 Northview Center,9749.57,debit card,standard,processing
796,796,796,28,11/6/2020,54546 Shelley Crossing,5843.6,PayPal,overnight,processing
797,797,797,87,4/7/2022,87678 Ohio Road,4757.26,debit card,expedited,shipped
798,798,798,90,6/10/2020,57777 Amoth Street,2921.27,PayPal,overnight,pending
799,799,799,28,9/24/2022,595 Onsgard Drive,4123.14,debit card,overnight,pending
800,800,800,26,3/25/2020,65 Schurz Way,9017.17,debit card,expedited,shipped
801,801,801,16,3/15/2021,7247 Spenser Park,6521.7,PayPal,overnight,shipped
802,802,802,70,8/11/2022,25078 Veith Alley,1751.2,debit card,overnight,shipped
803,803,803,38,1/23/2020,63 Crescent Oaks Lane,7615.87,credit card,overnight,delivered
804,804,804,50,7/1/2020,80058 Hayes Alley,634.72,debit card,overnight,processing
805,805,805,79,12/6/2020,48 West Plaza,820.27,PayPal,expedited,delivered
806,806,806,87,9/15/2020,34 Crescent Oaks Circle,7920.91,PayPal,expedited,delivered
807,807,807,12,2/21/2020,95717 Doe Crossing Plaza,4712.61,credit card,overnight,shipped
808,808,808,54,2/23/2020,8 Lukken Crossing,1765.73,credit card,standard,processing
809,809,809,70,10/15/2022,7592 Weeping Birch Crossing,3391.88,debit card,overnight,delivered
810,810,810,43,5/10/2020,85510 Lawn Court,3013.28,credit card,standard,pending
811,811,811,67,10/27/2020,49 Mockingbird Court,2110.57,credit card,overnight,shipped
812,812,812,20,7/10/2021,207 Cordelia Alley,5422.22,debit card,standard,processing
813,813,813,68,3/7/2021,86 Garrison Road,7182.81,credit card,expedited,pending
814,814,814,28,2/4/2020,42471 Spaight Place,1453.86,credit card,standard,delivered
815,815,815,35,12/1/2021,38 Superior Park,5078.69,debit card,standard,delivered
816,816,816,63,8/21/2020,9860 Glacier Hill Street,3153.06,PayPal,overnight,shipped
817,817,817,83,7/11/2020,9 Hoard Hill,8593.19,PayPal,standard,processing
818,818,818,80,9/14/2021,49 Harbort Parkway,6436.13,debit card,overnight,processing
819,819,819,87,7/29/2022,62836 Vahlen Park,5728.24,debit card,standard,pending
820,820,820,17,4/29/2022,7 Welch Center,2959.25,credit card,expedited,pending
821,821,821,43,12/5/2020,0 Dovetail Court,5112.29,PayPal,overnight,delivered
822,822,822,97,7/9/2021,30411 Fallview Plaza,9829.38,credit card,overnight,pending
823,823,823,68,2/24/2021,5007 Portage Drive,2758.84,PayPal,overnight,delivered
824,824,824,77,7/24/2020,8592 Eastlawn Way,5034.72,credit card,standard,pending
825,825,825,19,10/19/2022,49817 Bultman Trail,236.94,PayPal,standard,delivered
826,826,826,53,10/7/2022,228 Dorton Lane,2559.0,credit card,standard,delivered
827,827,827,37,1/13/2022,81 Susan Center,5130.95,PayPal,overnight,delivered
828,828,828,11,1/3/2021,10126 Amoth Drive,2446.37,PayPal,overnight,shipped
829,829,829,46,8/22/2020,70 Lunder Street,5232.94,debit card,standard,processing
830,830,830,77,11/18/2022,5885 Almo Road,6462.83,debit card,standard,delivered
831,831,831,87,6/4/2020,99748 Grasskamp Street,2418.28,PayPal,expedited,delivered
832,832,832,52,4/19/2022,0575 Stang Trail,3305.13,debit card,standard,delivered
833,833,833,61,10/12/2020,2793 Hoffman Hill,6647.7,credit card,expedited,pending
834,834,834,78,6/19/2021,60 Twin Pines Point,9785.59,debit card,overnight,processing
835,835,835,47,5/1/2020,9038 Farragut Junction,5217.69,credit card,overnight,processing
836,836,836,96,3/16/2021,4 Merrick Lane,2051.11,PayPal,expedited,delivered
837,837,837,19,2/1/2021,4 Elgar Lane,5874.6,debit card,expedited,shipped
838,838,838,60,12/22/2020,4615 Oriole Center,9271.75,PayPal,overnight,pending
839,839,839,100,4/18/2022,92481 Northport Road,4222.68,credit card,standard,delivered
840,840,840,97,8/27/2020,45 Donald Terrace,7403.91,credit card,standard,shipped
841,841,841,24,4/28/2020,5 Grover Park,7394.5,debit card,standard,shipped
842,842,842,56,3/31/2020,73 Arkansas Trail,3022.02,PayPal,standard,pending
843,843,843,38,3/16/2022,7897 Memorial Street,6722.35,PayPal,overnight,pending
844,844,844,13,5/12/2021,30 Dawn Circle,2300.09,credit card,overnight,processing
845,845,845,60,6/20/2021,79 Acker Junction,5619.79,PayPal,expedited,pending
846,846,846,57,5/9/2021,26424 Eastwood Way,271.5,PayPal,standard,processing
847,847,847,48,2/23/2022,940 Becker Road,3958.18,credit card,expedited,shipped
848,848,848,89,8/7/2020,83548 Chinook Lane,9120.04,credit card,expedited,pending
849,849,849,96,5/23/2020,4 Lerdahl Point,791.74,debit card,standard,delivered
850,850,850,100,9/27/2021,3 Gateway Crossing,2340.2,debit card,overnight,pending
851,851,851,89,12/19/2022,09013 Corscot Parkway,7149.11,credit card,standard,shipped
852,852,852,70,2/13/2020,46 Colorado Place,5776.61,credit card,expedited,delivered
853,853,853,64,7/23/2021,7 South Center,9856.11,debit card,overnight,delivered
854,854,854,83,4/14/2022,18 Straubel Crossing,9242.12,PayPal,overnight,pending
855,855,855,42,10/9/2022,16 4th Pass,9209.5,PayPal,expedited,shipped
856,856,856,36,6/18/2020,5399 Beilfuss Hill,8669.6,PayPal,standard,pending
857,857,857,79,5/27/2020,2 Weeping Birch Pass,3170.05,PayPal,expedited,shipped
858,858,858,78,10/22/2022,8583 Doe Crossing Circle,2169.04,credit card,expedited,delivered
859,859,859,93,8/7/2022,4 Mallory Park,1382.43,debit card,standard,shipped
860,860,860,48,12/15/2020,9177 Harper Street,9605.44,debit card,expedited,processing
861,861,861,2,2/12/2020,28887 Kedzie Place,2815.22,PayPal,expedited,processing
862,862,862,49,11/15/2020,3 Jenna Plaza,872.42,debit card,expedited,processing
863,863,863,50,3/4/2022,90 Hudson Parkway,540.38,credit card,standard,processing
864,864,864,52,1/2/2021,49 Sugar Drive,2596.51,debit card,expedited,shipped
865,865,865,96,6/5/2021,1 Donald Center,2845.59,debit card,standard,delivered
866,866,866,21,7/5/2021,7380 Sycamore Court,9603.98,debit card,standard,shipped
867,867,867,31,3/5/2020,3 Lillian Lane,8181.84,credit card,overnight,delivered
868,868,868,6,4/7/2021,54259 Paget Trail,2941.63,credit card,expedited,delivered
869,869,869,50,12/28/2020,258 Stuart Terrace,4213.99,debit card,standard,delivered
870,870,870,99,10/14/2022,7 Warner Drive,6482.9,PayPal,standard,shipped
871,871,871,37,7/9/2022,110 Dorton Pass,8482.03,PayPal,overnight,processing
872,872,872,89,5/9/2022,9305 Helena Terrace,2311.89,debit card,expedited,delivered
873,873,873,34,6/12/2020,96 Vahlen Trail,1170.39,debit card,overnight,shipped
874,874,874,57,2/12/2022,087 Novick Street,8263.31,debit card,standard,shipped
875,875,875,38,9/8/2020,0022 Victoria Trail,3919.56,credit card,expedited,processing
876,876,876,45,10/19/2020,7 Pine View Crossing,7104.88,debit card,standard,delivered
877,877,877,18,7/17/2022,7666 Eastlawn Parkway,2444.07,debit card,expedited,shipped
878,878,878,39,1/24/2021,92949 Hermina Terrace,5231.38,PayPal,expedited,processing
879,879,879,21,11/11/2020,76487 Russell Drive,7332.74,debit card,overnight,processing
880,880,880,9,8/29/2020,0 Bay Place,2777.41,PayPal,overnight,delivered
881,881,881,47,8/24/2022,5 Westerfield Point,9656.88,credit card,standard,delivered
882,882,882,54,6/3/2020,3464 Mariners Cove Hill,3211.22,PayPal,overnight,processing
883,883,883,89,10/14/2021,1 Packers Plaza,2889.52,PayPal,standard,pending
884,884,884,68,3/22/2020,4847 Everett Road,5100.03,credit card,standard,pending
885,885,885,94,2/19/2020,3 Express Terrace,5521.96,credit card,overnight,pending
886,886,886,46,10/21/2021,68 Fisk Drive,4083.49,PayPal,overnight,shipped
887,887,887,85,6/28/2022,48584 Scoville Parkway,5424.12,debit card,expedited,shipped
888,888,888,7,11/7/2020,2244 Armistice Avenue,3994.23,debit card,expedited,shipped
889,889,889,76,6/20/2020,7581 Talmadge Street,678.4,PayPal,overnight,processing
890,890,890,55,7/24/2022,70463 Thierer Junction,5840.19,PayPal,overnight,pending
891,891,891,40,1/8/2021,743 Lien Street,8973.95,credit card,overnight,shipped
892,892,892,93,11/16/2020,2 Red Cloud Court,1059.01,PayPal,expedited,shipped
893,893,893,40,6/24/2022,747 Glendale Place,872.67,PayPal,expedited,pending
894,894,894,33,2/23/2022,58033 Trailsway Junction,4816.39,PayPal,expedited,shipped
895,895,895,28,12/22/2021,0243 Montana Court,9641.05,PayPal,standard,shipped
896,896,896,68,2/7/2021,37 Porter Pass,1788.18,PayPal,overnight,shipped
897,897,897,87,6/23/2022,592 Northview Center,9121.2,debit card,overnight,delivered
898,898,898,39,6/21/2021,339 Ridge Oak Crossing,6605.93,credit card,overnight,shipped
899,899,899,58,1/29/2021,44 7th Parkway,9523.6,debit card,overnight,shipped
900,900,900,51,1/7/2020,7 Warrior Lane,7160.8,credit card,expedited,delivered
901,901,901,10,10/5/2020,564 Pankratz Circle,4756.65,PayPal,expedited,pending
902,902,902,100,10/27/2022,82415 Jackson Court,347.65,debit card,overnight,processing
903,903,903,68,5/1/2022,75010 Shoshone Hill,3584.88,credit card,expedited,shipped
904,904,904,7,7/26/2022,2580 Hoffman Lane,2302.51,PayPal,expedited,delivered
905,905,905,92,5/14/2021,71134 Everett Place,8462.23,PayPal,overnight,processing
906,906,906,52,5/22/2021,6433 Memorial Circle,3920.56,credit card,standard,processing
907,907,907,17,12/22/2022,9980 Browning Drive,4132.02,PayPal,standard,delivered
908,908,908,98,6/7/2021,62 Debs Court,8942.83,credit card,overnight,delivered
909,909,909,25,3/14/2020,6986 Merchant Alley,5592.62,debit card,standard,shipped
910,910,910,2,1/30/2020,44279 Cordelia Circle,2751.29,PayPal,expedited,shipped
911,911,911,79,7/23/2021,3 Reindahl Drive,9263.56,PayPal,overnight,shipped
912,912,912,58,1/25/2022,68 Commercial Junction,7780.98,credit card,overnight,shipped
913,913,913,71,7/8/2020,1304 Dawn Avenue,6448.18,credit card,overnight,pending
914,914,914,65,12/27/2022,3237 Superior Center,2578.38,PayPal,standard,delivered
915,915,915,30,11/18/2021,61023 Sachtjen Circle,3038.94,PayPal,overnight,processing
916,916,916,26,8/23/2020,466 Anniversary Point,381.86,debit card,overnight,shipped
917,917,917,83,6/28/2020,12 Jackson Road,1077.55,credit card,overnight,delivered
918,918,918,46,7/14/2022,67544 Lindbergh Way,6077.83,PayPal,expedited,shipped
919,919,919,35,7/9/2022,56 Tomscot Way,7004.63,credit card,standard,processing
920,920,920,55,10/9/2021,05 Valley Edge Way,3542.22,credit card,standard,processing
921,921,921,8,11/12/2020,9303 Cottonwood Plaza,4724.39,PayPal,standard,pending
922,922,922,40,7/16/2022,219 Melby Pass,6558.21,PayPal,expedited,pending
923,923,923,37,8/19/2020,8958 Dexter Crossing,1575.36,PayPal,overnight,shipped
924,924,924,95,11/1/2021,2 Nova Point,3009.13,credit card,expedited,pending
925,925,925,41,5/18/2022,0 Moulton Plaza,4187.68,debit card,expedited,pending
926,926,926,8,12/9/2020,78 Center Junction,8257.92,PayPal,standard,delivered
927,927,927,79,9/20/2021,8138 Novick Center,5626.89,PayPal,overnight,delivered
928,928,928,10,6/27/2021,37 Waxwing Circle,2490.36,PayPal,standard,pending
929,929,929,4,11/18/2021,6349 Mayer Trail,752.67,PayPal,standard,shipped
930,930,930,85,1/12/2022,75 Quincy Road,6111.66,PayPal,expedited,delivered
931,931,931,82,6/27/2021,8 Messerschmidt Street,1843.72,debit card,standard,shipped
932,932,932,56,4/18/2021,7649 Lotheville Crossing,3217.76,PayPal,overnight,delivered
933,933,933,76,10/10/2022,61640 Division Plaza,4902.29,credit card,overnight,pending
934,934,934,29,11/13/2020,96024 Marcy Junction,6257.32,credit card,standard,delivered
935,935,935,28,4/18/2020,55 Lighthouse Bay Way,5458.34,credit card,overnight,pending
936,936,936,77,6/14/2020,414 Forest Run Road,5630.92,credit card,overnight,shipped
937,937,937,67,10/19/2020,693 Barby Center,3901.04,credit card,expedited,shipped
938,938,938,16,8/17/2021,622 Londonderry Center,4383.84,PayPal,standard,processing
939,939,939,20,6/21/2020,32 Rockefeller Hill,8466.13,credit card,overnight,shipped
940,940,940,29,1/2/2020,96497 Springview Terrace,1179.8,debit card,standard,processing
941,941,941,30,6/18/2020,0352 Toban Road,1378.41,debit card,expedited,processing
942,942,942,15,12/8/2021,56069 Oak Valley Park,4316.12,credit card,overnight,pending
943,943,943,46,9/3/2022,026 Mifflin Way,4528.5,credit card,standard,processing
944,944,944,41,11/13/2020,652 American Place,7202.96,credit card,expedited,delivered
945,945,945,31,12/29/2022,897 Crowley Crossing,6022.55,debit card,expedited,pending
946,946,946,29,9/26/2022,8 Carey Center,9359.98,PayPal,expedited,delivered
947,947,947,14,10/18/2020,21 Lukken Trail,1823.65,credit card,overnight,pending
948,948,948,5,7/25/2021,4 Golden Leaf Avenue,3510.4,debit card,expedited,shipped
949,949,949,41,5/31/2022,495 5th Hill,7899.12,credit card,overnight,pending
950,950,950,80,10/1/2022,0 Oak Valley Plaza,1711.48,credit card,expedited,delivered
951,951,951,81,10/12/2021,0127 Elgar Way,5758.13,credit card,expedited,processing
952,952,952,51,12/19/2021,63923 Londonderry Point,8720.58,credit card,overnight,delivered
953,953,953,92,12/17/2021,91992 Atwood Hill,3865.25,PayPal,expedited,processing
954,954,954,48,5/12/2021,42 Farragut Trail,8655.1,PayPal,overnight,shipped
955,955,955,37,2/19/2022,50 Hoepker Road,7705.36,credit card,overnight,shipped
956,956,956,6,8/22/2020,36470 Michigan Road,970.27,debit card,expedited,delivered
957,957,957,62,2/16/2022,26282 Old Gate Circle,8084.52,PayPal,standard,delivered
958,958,958,22,11/18/2020,1 Jana Way,8088.62,debit card,expedited,delivered
959,959,959,54,1/18/2021,2551 Huxley Pass,903.4,credit card,overnight,pending
960,960,960,37,4/16/2022,5 Morningstar Alley,7751.8,credit card,standard,processing
961,961,961,89,12/25/2020,77 Sutherland Point,2729.58,debit card,standard,processing
962,962,962,31,1/13/2021,4292 Center Lane,8869.49,debit card,standard,pending
963,963,963,47,3/19/2020,6 Sugar Junction,6226.26,credit card,expedited,shipped
964,964,964,16,1/30/2020,6 Northview Alley,4549.36,PayPal,overnight,delivered
965,965,965,20,10/20/2021,4 Hoepker Hill,1268.28,credit card,overnight,processing
966,966,966,70,3/10/2021,3227 Arrowood Point,9425.5,PayPal,standard,delivered
967,967,967,5,9/8/2020,237 Miller Park,7752.08,debit card,expedited,shipped
968,968,968,79,8/27/2020,9263 Luster Hill,2860.4,PayPal,overnight,pending
969,969,969,86,9/24/2021,503 Main Road,5888.58,debit card,standard,delivered
970,970,970,9,9/22/2020,877 Sullivan Hill,766.11,PayPal,expedited,shipped
971,971,971,29,2/16/2020,6 Summer Ridge Drive,2201.58,debit card,standard,shipped
972,972,972,100,12/28/2022,57 Anthes Pass,6185.46,credit card,expedited,shipped
973,973,973,90,2/16/2022,029 Forest Street,5313.78,credit card,expedited,shipped
974,974,974,41,8/7/2021,51369 Lindbergh Park,2213.09,PayPal,standard,pending
975,975,975,60,4/22/2020,5 Paget Parkway,6911.48,debit card,overnight,shipped
976,976,976,26,7/5/2022,46 Loeprich Point,4769.34,PayPal,standard,delivered
977,977,977,41,12/17/2022,7 Michigan Trail,7558.75,PayPal,overnight,shipped
978,978,978,28,6/25/2022,127 Northview Alley,2507.77,credit card,overnight,shipped
979,979,979,2,3/1/2020,62483 Rigney Park,9266.12,credit card,expedited,pending
980,980,980,81,6/19/2020,4996 Glendale Terrace,8104.22,debit card,expedited,pending
981,981,981,48,3/27/2022,69404 5th Drive,2737.94,PayPal,overnight,processing
982,982,982,62,3/2/2021,35840 Bluestem Parkway,3064.78,PayPal,expedited,delivered
983,983,983,43,1/28/2021,7 Commercial Place,1311.78,debit card,expedited,pending
984,984,984,32,8/1/2020,94874 Crescent Oaks Drive,8356.22,debit card,standard,shipped
985,985,985,84,4/24/2021,2 7th Point,4548.17,credit card,overnight,delivered
986,986,986,31,5/27/2021,768 Bobwhite Junction,4346.49,PayPal,standard,pending
987,987,987,33,11/3/2022,9 Reinke Place,4088.74,credit card,overnight,pending
988,988,988,53,5/13/2021,205 Reinke Terrace,8322.77,debit card,expedited,pending
989,989,989,57,1/30/2020,11 Hudson Lane,3547.41,credit card,overnight,shipped
990,990,990,98,5/16/2021,48 Fisk Pass,1889.1,debit card,standard,processing
991,991,991,24,5/22/2020,74 Superior Street,126.53,PayPal,expedited,delivered
992,992,992,13,11/23/2020,07 Corry Junction,4142.58,PayPal,overnight,shipped
993,993,993,49,12/1/2021,46 Kenwood Circle,294.34,PayPal,expedited,pending
994,994,994,60,6/12/2021,54 Dunning Street,5284.71,debit card,expedited,processing
995,995,995,69,9/23/2022,3 Gerald Lane,4234.12,PayPal,overnight,shipped
996,996,996,78,8/21/2020,0 Towne Lane,8692.4,PayPal,expedited,delivered
997,997,997,43,6/19/2020,57 Dottie Parkway,3303.51,credit card,overnight,delivered
998,998,998,10,11/16/2021,971 Westerfield Park,6753.79,PayPal,standard,processing
999,999,999,85,4/17/2022,4 Stone Corner Parkway,7570.61,debit card,overnight,pending
1000,1000,1000,74,8/31/2021,46 Sunbrook Terrace,2502.17,debit card,overnight,pending
