product_name,product_category,product_price,product_quantity,product_brand,product_color,product_weight,product_dimensions,product_release_date,Product ID
nec,toys,936.34,591,Nike,Teal,31.76,error: Field 'length' not found,12/17/2014,1
nisl venenatis,clothing,89.1,642,Nike,Turquoise,41.82,error: Field 'length' not found,8/14/2022,2
dui,home decor,56.08,95,Samsung,Orange,80.23,error: Field 'length' not found,11/7/2010,3
est phasellus,beauty,428.79,62,Samsung,Orange,45.05,error: Field 'length' not found,2/2/2020,4
rhoncus,automotive,772.73,896,Nike,Blue,83.29,error: Field 'length' not found,1/24/2011,5
quam,automotive,458.29,389,Nike,Goldenrod,47.15,error: Field 'length' not found,12/28/2013,6
pulvinar nulla,toys,494.31,680,Nike,Green,86.48,error: Field 'length' not found,1/15/2010,7
quis,toys,560.21,590,Apple,Fuscia,70.11,error: Field 'length' not found,8/27/2016,8
id,toys,999.49,784,Apple,Green,13.39,error: Field 'length' not found,10/11/2020,9
condimentum curabitur,home decor,856.34,517,Nike,Maroon,93.09,error: Field 'length' not found,8/18/2019,10
ipsum praesent,clothing,224.23,89,Nike,Purple,50.64,error: Field 'length' not found,10/31/2017,11
libero convallis,clothing,649.82,769,Samsung,Yellow,14.26,error: Field 'length' not found,10/17/2016,12
donec,health,878.3,282,Nike,Maroon,11.28,error: Field 'length' not found,6/23/2013,13
duis,pets,584.1,299,Apple,Puce,25.54,error: Field 'length' not found,3/23/2010,14
libero non,sports,444.13,311,Samsung,Red,53.94,error: Field 'length' not found,2/28/2018,15
pulvinar,health,225.72,316,Samsung,Fuscia,3.72,error: Field 'length' not found,3/21/2010,16
pellentesque ultrices,food,46.95,390,Nike,Indigo,17.96,error: Field 'length' not found,6/22/2020,17
condimentum neque,toys,878.08,99,Nike,Green,14.2,error: Field 'length' not found,11/8/2013,18
vestibulum rutrum,food,579.18,385,Nike,Maroon,94.14,error: Field 'length' not found,11/18/2011,19
dolor,electronics,856.42,760,Apple,Fuscia,46.04,error: Field 'length' not found,12/29/2021,20
ipsum,beauty,931.56,868,Samsung,Yellow,33.33,error: Field 'length' not found,12/31/2012,21
tempor turpis,books,878.63,993,Nike,Indigo,86.13,error: Field 'length' not found,9/6/2018,22
vel lectus,clothing,575.46,105,Nike,Puce,81.23,error: Field 'length' not found,7/28/2021,23
pharetra,books,738.91,727,Apple,Maroon,56.07,error: Field 'length' not found,9/17/2010,24
non,home decor,661.19,28,Nike,Teal,37.68,error: Field 'length' not found,9/7/2017,25
lectus,electronics,348.68,907,Nike,Red,71.23,error: Field 'length' not found,6/12/2019,26
massa id,food,333.72,299,Nike,Red,62.58,error: Field 'length' not found,10/26/2020,27
ultrices posuere,sports,227.25,191,Apple,Purple,80.9,error: Field 'length' not found,5/3/2020,28
mauris viverra,pets,529.97,496,Apple,Orange,54.71,error: Field 'length' not found,10/17/2017,29
curabitur,food,406.5,417,Apple,Mauv,74.24,error: Field 'length' not found,6/7/2021,30
sem duis,automotive,577.95,361,Apple,Blue,79.81,error: Field 'length' not found,1/10/2018,31
bibendum morbi,food,294.21,351,Samsung,Pink,59.47,error: Field 'length' not found,4/10/2014,32
condimentum curabitur,automotive,459.45,821,Nike,Maroon,93.24,error: Field 'length' not found,5/21/2014,33
aliquet,sports,519.8,751,Apple,Mauv,66.83,error: Field 'length' not found,8/13/2012,34
vestibulum proin,electronics,861.9,412,Nike,Aquamarine,70.11,error: Field 'length' not found,11/26/2018,35
velit id,electronics,313.06,295,Nike,Puce,64.76,error: Field 'length' not found,11/4/2020,36
magnis dis,food,994.8,285,Apple,Puce,19.78,error: Field 'length' not found,5/26/2012,37
tristique fusce,health,30.91,482,Nike,Khaki,44.18,error: Field 'length' not found,12/23/2010,38
massa volutpat,pets,858.25,649,Nike,Aquamarine,59.71,error: Field 'length' not found,4/17/2015,39
mattis,clothing,865.11,745,Apple,Goldenrod,42.46,error: Field 'length' not found,8/16/2014,40
faucibus,electronics,315.88,519,Apple,Orange,0.92,error: Field 'length' not found,11/11/2020,41
ante,beauty,434.46,814,Nike,Orange,54.77,error: Field 'length' not found,6/14/2010,42
id,toys,568.34,242,Samsung,Pink,68.18,error: Field 'length' not found,3/2/2019,43
curae nulla,books,199.34,232,Samsung,Mauv,31.71,error: Field 'length' not found,1/10/2017,44
amet,pets,538.38,422,Samsung,Violet,29.99,error: Field 'length' not found,10/6/2017,45
amet sapien,home decor,638.28,503,Samsung,Purple,23.49,error: Field 'length' not found,1/29/2019,46
donec semper,home decor,368.57,245,Samsung,Crimson,28.9,error: Field 'length' not found,11/1/2014,47
odio odio,beauty,210.15,405,Samsung,Aquamarine,55.81,error: Field 'length' not found,7/7/2016,48
cubilia,clothing,656.84,444,Apple,Mauv,60.79,error: Field 'length' not found,8/24/2013,49
potenti,home decor,695.74,923,Apple,Green,50.84,error: Field 'length' not found,6/25/2011,50
eu,pets,533.01,501,Nike,Crimson,4.24,error: Field 'length' not found,12/13/2020,51
viverra pede,beauty,140.94,451,Nike,Mauv,31.12,error: Field 'length' not found,5/10/2011,52
dui,toys,676.36,373,Samsung,Indigo,37.53,error: Field 'length' not found,6/5/2019,53
a feugiat,sports,855.14,46,Nike,Teal,86.69,error: Field 'length' not found,7/22/2018,54
suscipit ligula,books,490.76,885,Samsung,Purple,67.69,error: Field 'length' not found,8/29/2018,55
lorem quisque,food,194.27,763,Samsung,Blue,52.88,error: Field 'length' not found,6/25/2011,56
mi,automotive,933.97,760,Nike,Crimson,37.33,error: Field 'length' not found,7/17/2020,57
in imperdiet,automotive,951.5,77,Nike,Purple,82.21,error: Field 'length' not found,9/6/2017,58
erat eros,sports,610.7,1000,Nike,Green,27.61,error: Field 'length' not found,10/7/2017,59
porta,toys,447.87,853,Apple,Maroon,66.19,error: Field 'length' not found,6/29/2013,60
ipsum,home decor,128.34,160,Samsung,Khaki,31.84,error: Field 'length' not found,12/14/2012,61
eget vulputate,toys,518.32,219,Samsung,Yellow,81.36,error: Field 'length' not found,12/29/2021,62
iaculis,health,352.66,437,Apple,Turquoise,68.13,error: Field 'length' not found,10/19/2021,63
quisque,beauty,171.52,116,Samsung,Crimson,72.38,error: Field 'length' not found,5/19/2013,64
quam,beauty,286.59,241,Samsung,Maroon,19.25,error: Field 'length' not found,2/9/2021,65
non,pets,533.92,355,Samsung,Turquoise,81.98,error: Field 'length' not found,7/6/2013,66
nam congue,toys,707.8,280,Nike,Aquamarine,27.84,error: Field 'length' not found,8/29/2016,67
ut,pets,390.02,52,Samsung,Orange,15.08,error: Field 'length' not found,7/14/2021,68
lectus,clothing,790.04,970,Apple,Crimson,64.41,error: Field 'length' not found,4/13/2010,69
interdum,electronics,854.38,782,Samsung,Red,9.92,error: Field 'length' not found,10/8/2015,70
tempus,health,483.94,795,Apple,Yellow,3.7,error: Field 'length' not found,3/27/2013,71
mollis molestie,food,487.12,773,Samsung,Aquamarine,30.77,error: Field 'length' not found,10/5/2017,72
magna bibendum,automotive,438.7,284,Apple,Blue,91.15,error: Field 'length' not found,8/21/2016,73
in,pets,775.62,524,Samsung,Pink,83.84,error: Field 'length' not found,12/31/2018,74
phasellus,food,659.59,659,Apple,Green,2.46,error: Field 'length' not found,3/31/2019,75
vestibulum,toys,768.74,276,Nike,Mauv,94.86,error: Field 'length' not found,12/1/2017,76
in purus,electronics,908.02,963,Nike,Indigo,92.47,error: Field 'length' not found,4/19/2014,77
ornare,sports,468.27,161,Samsung,Mauv,0.82,error: Field 'length' not found,1/5/2016,78
eget,pets,805.65,109,Nike,Pink,69.93,error: Field 'length' not found,3/12/2022,79
libero,sports,84.63,320,Nike,Aquamarine,29.17,error: Field 'length' not found,7/24/2013,80
eleifend,beauty,777.56,890,Samsung,Crimson,63.03,error: Field 'length' not found,8/18/2019,81
sagittis,pets,738.49,757,Samsung,Pink,47.74,error: Field 'length' not found,11/26/2015,82
nulla ultrices,sports,847.6,911,Apple,Blue,31.59,error: Field 'length' not found,2/27/2019,83
amet,beauty,701.66,393,Nike,Blue,9.35,error: Field 'length' not found,3/15/2011,84
phasellus in,home decor,780.02,655,Samsung,Teal,3.78,error: Field 'length' not found,10/30/2021,85
augue vel,books,810.83,922,Nike,Aquamarine,40.68,error: Field 'length' not found,12/2/2017,86
in hac,clothing,855.42,159,Nike,Green,8.24,error: Field 'length' not found,10/7/2012,87
molestie,home decor,671.43,267,Nike,Yellow,11.78,error: Field 'length' not found,7/12/2019,88
lacus purus,electronics,707.09,535,Apple,Indigo,29.39,error: Field 'length' not found,8/10/2011,89
lorem integer,toys,71.78,604,Samsung,Khaki,99.97,error: Field 'length' not found,11/13/2010,90
sit amet,clothing,497,324,Samsung,Orange,63.56,error: Field 'length' not found,1/18/2011,91
urna,books,60.85,705,Nike,Pink,80.21,error: Field 'length' not found,12/20/2020,92
proin,pets,478.5,335,Nike,Red,67.61,error: Field 'length' not found,8/19/2010,93
cum,sports,740.35,428,Apple,Fuscia,89.31,error: Field 'length' not found,5/24/2016,94
faucibus,clothing,410.14,626,Apple,Goldenrod,16.22,error: Field 'length' not found,7/4/2021,95
nulla suscipit,home decor,218.29,785,Samsung,Crimson,91.96,error: Field 'length' not found,2/24/2020,96
vestibulum,health,260.39,563,Samsung,Orange,20.21,error: Field 'length' not found,7/25/2021,97
at turpis,beauty,278.95,773,Samsung,Purple,10.13,error: Field 'length' not found,6/26/2012,98
pharetra magna,electronics,641.97,877,Apple,Maroon,66.87,error: Field 'length' not found,3/6/2020,99
a,health,898.69,555,Samsung,Indigo,86.02,error: Field 'length' not found,10/24/2022,100
at,beauty,241.85,196,Apple,Teal,39.77,error: Field 'length' not found,7/4/2019,101
augue quam,automotive,537.23,36,Samsung,Teal,80.56,error: Field 'length' not found,10/22/2021,102
ultrices,clothing,39.58,84,Apple,Purple,81.34,error: Field 'length' not found,10/3/2019,103
odio,clothing,734.35,310,Nike,Teal,37.66,error: Field 'length' not found,5/1/2021,104
magna,sports,415.48,772,Apple,Puce,74.65,error: Field 'length' not found,7/29/2014,105
nulla elit,books,246.3,648,Nike,Green,14.4,error: Field 'length' not found,11/8/2019,106
curae donec,books,606.19,97,Samsung,Violet,33.63,error: Field 'length' not found,9/19/2022,107
blandit nam,books,454.56,685,Nike,Crimson,4.29,error: Field 'length' not found,7/9/2011,108
eget,toys,342.55,853,Samsung,Fuscia,21.12,error: Field 'length' not found,5/18/2015,109
sapien,sports,159.69,644,Samsung,Turquoise,51.78,error: Field 'length' not found,8/14/2014,110
neque,automotive,965.71,740,Apple,Turquoise,28.33,error: Field 'length' not found,6/27/2015,111
est et,health,420.62,838,Nike,Indigo,93.55,error: Field 'length' not found,8/13/2021,112
sollicitudin,books,973.12,109,Apple,Puce,56.24,error: Field 'length' not found,7/13/2010,113
faucibus accumsan,food,902.68,68,Samsung,Yellow,13.51,error: Field 'length' not found,11/3/2015,114
metus,beauty,691.82,322,Samsung,Puce,97.04,error: Field 'length' not found,7/7/2019,115
donec quis,food,526.92,326,Apple,Violet,76.31,error: Field 'length' not found,4/10/2016,116
mauris,clothing,707.86,672,Samsung,Crimson,47.19,error: Field 'length' not found,7/16/2018,117
duis faucibus,clothing,257.55,343,Samsung,Crimson,55.33,error: Field 'length' not found,8/13/2021,118
convallis,pets,173.18,593,Nike,Puce,43.92,error: Field 'length' not found,1/18/2018,119
mauris,electronics,520.33,825,Apple,Indigo,81.16,error: Field 'length' not found,3/15/2020,120
ultrices,sports,136.82,574,Nike,Green,59.24,error: Field 'length' not found,8/1/2014,121
molestie,health,347.35,104,Nike,Purple,20.89,error: Field 'length' not found,9/21/2022,122
lobortis ligula,books,824.99,625,Samsung,Purple,71.75,error: Field 'length' not found,1/13/2021,123
nibh in,clothing,839.04,7,Samsung,Maroon,8.51,error: Field 'length' not found,5/29/2013,124
quis,books,887.42,472,Samsung,Turquoise,54.66,error: Field 'length' not found,1/3/2012,125
amet erat,health,325,447,Samsung,Maroon,1.95,error: Field 'length' not found,12/6/2020,126
augue,food,155.24,735,Nike,Purple,23.79,error: Field 'length' not found,4/2/2015,127
at,toys,466.87,798,Apple,Crimson,14.11,error: Field 'length' not found,10/9/2013,128
porttitor pede,beauty,669.51,820,Apple,Blue,49.85,error: Field 'length' not found,1/8/2021,129
platea dictumst,toys,49.69,159,Nike,Pink,66.05,error: Field 'length' not found,11/13/2015,130
vitae,sports,951.99,826,Samsung,Mauv,10.58,error: Field 'length' not found,2/21/2012,131
curabitur,health,955.16,665,Samsung,Goldenrod,25.11,error: Field 'length' not found,6/17/2015,132
consequat,toys,361.25,141,Nike,Mauv,69.66,error: Field 'length' not found,11/9/2017,133
vel,books,965.34,854,Nike,Red,60.81,error: Field 'length' not found,11/18/2021,134
erat,health,526.05,612,Nike,Purple,45.83,error: Field 'length' not found,1/14/2013,135
nonummy maecenas,books,379.45,56,Samsung,Blue,82.63,error: Field 'length' not found,10/30/2018,136
id consequat,pets,888.22,927,Samsung,Crimson,98.04,error: Field 'length' not found,6/3/2014,137
hac habitasse,automotive,381.31,960,Samsung,Khaki,4.24,error: Field 'length' not found,1/2/2014,138
amet,home decor,97.9,477,Nike,Mauv,62.59,error: Field 'length' not found,4/30/2016,139
adipiscing molestie,sports,960.1,934,Apple,Indigo,73.81,error: Field 'length' not found,8/20/2013,140
ipsum,health,794.45,542,Samsung,Goldenrod,15.07,error: Field 'length' not found,7/4/2017,141
varius,food,935.54,104,Apple,Green,9.56,error: Field 'length' not found,7/16/2017,142
blandit nam,beauty,102.85,138,Nike,Puce,53.36,error: Field 'length' not found,12/2/2018,143
molestie lorem,health,435.32,460,Apple,Turquoise,19.32,error: Field 'length' not found,2/22/2017,144
nulla,toys,959.55,79,Samsung,Maroon,91.26,error: Field 'length' not found,5/1/2020,145
volutpat,health,35.32,715,Samsung,Pink,47.25,error: Field 'length' not found,10/4/2013,146
sit,sports,266.39,345,Samsung,Turquoise,74.76,error: Field 'length' not found,5/3/2014,147
accumsan felis,sports,796.01,196,Nike,Khaki,36.15,error: Field 'length' not found,2/15/2011,148
molestie,electronics,436.93,92,Apple,Green,55.93,error: Field 'length' not found,5/2/2022,149
pharetra magna,pets,160.22,254,Nike,Orange,55.4,error: Field 'length' not found,12/15/2015,150
cubilia curae,health,940.28,577,Samsung,Violet,48.78,error: Field 'length' not found,8/31/2016,151
morbi ut,home decor,610.79,380,Samsung,Red,17.58,error: Field 'length' not found,12/13/2022,152
ultrices posuere,automotive,867.48,478,Apple,Orange,7.2,error: Field 'length' not found,12/9/2022,153
lacus,clothing,456.92,832,Apple,Red,48.07,error: Field 'length' not found,8/22/2020,154
justo,automotive,847.25,806,Nike,Violet,40.42,error: Field 'length' not found,9/22/2017,155
id,automotive,450.67,461,Nike,Turquoise,9.94,error: Field 'length' not found,7/26/2011,156
potenti,food,869.82,471,Samsung,Indigo,65.58,error: Field 'length' not found,1/18/2022,157
id sapien,beauty,47.09,606,Nike,Maroon,51.03,error: Field 'length' not found,4/28/2017,158
sapien varius,health,406.76,694,Samsung,Goldenrod,20.66,error: Field 'length' not found,7/12/2012,159
cras non,beauty,106.4,157,Nike,Pink,30.82,error: Field 'length' not found,9/30/2013,160
nullam varius,food,900.84,767,Nike,Purple,42.61,error: Field 'length' not found,5/25/2012,161
in,sports,201.72,81,Nike,Green,47.28,error: Field 'length' not found,9/18/2020,162
integer pede,sports,185.83,37,Nike,Goldenrod,40.77,error: Field 'length' not found,2/13/2010,163
nonummy,electronics,974.65,651,Apple,Pink,47.94,error: Field 'length' not found,6/17/2022,164
sed magna,health,467,708,Nike,Crimson,5.9,error: Field 'length' not found,12/17/2017,165
sed magna,health,829.31,704,Apple,Mauv,94.53,error: Field 'length' not found,4/18/2014,166
vitae,home decor,122.79,64,Apple,Mauv,50.38,error: Field 'length' not found,11/21/2018,167
volutpat eleifend,clothing,351.69,602,Samsung,Purple,80.63,error: Field 'length' not found,5/17/2018,168
et tempus,books,857.13,227,Apple,Turquoise,57.92,error: Field 'length' not found,11/27/2015,169
lectus,automotive,958.05,205,Nike,Puce,49.77,error: Field 'length' not found,3/9/2011,170
nunc purus,electronics,829.95,787,Samsung,Turquoise,75.42,error: Field 'length' not found,4/23/2018,171
mauris,beauty,243.23,211,Nike,Orange,72,error: Field 'length' not found,12/7/2011,172
tempor convallis,sports,894.83,563,Apple,Teal,11.93,error: Field 'length' not found,8/17/2018,173
sed,food,586.17,591,Samsung,Indigo,11.23,error: Field 'length' not found,5/18/2010,174
sociis,sports,275.24,803,Apple,Fuscia,2.83,error: Field 'length' not found,9/17/2021,175
tortor id,sports,97.81,197,Nike,Violet,5.62,error: Field 'length' not found,2/6/2017,176
molestie,toys,649.79,69,Nike,Blue,57.49,error: Field 'length' not found,3/6/2014,177
eget,sports,631.41,926,Apple,Green,33.43,error: Field 'length' not found,7/31/2017,178
at,health,51.71,417,Samsung,Khaki,92.71,error: Field 'length' not found,1/22/2019,179
velit,beauty,876.89,933,Apple,Mauv,99.05,error: Field 'length' not found,8/29/2015,180
adipiscing,books,59.91,479,Apple,Mauv,11.58,error: Field 'length' not found,1/4/2021,181
augue,automotive,439.2,360,Apple,Green,2.96,error: Field 'length' not found,8/6/2010,182
in faucibus,toys,466.81,88,Samsung,Green,97.04,error: Field 'length' not found,12/10/2013,183
vel,books,689.18,168,Apple,Turquoise,93.39,error: Field 'length' not found,9/29/2010,184
nulla,books,294.28,723,Samsung,Maroon,47.91,error: Field 'length' not found,8/2/2019,185
lectus,home decor,248.77,628,Nike,Turquoise,25.43,error: Field 'length' not found,1/26/2016,186
condimentum curabitur,beauty,433.97,650,Samsung,Maroon,19.11,error: Field 'length' not found,6/9/2015,187
viverra,sports,175.43,427,Apple,Puce,26.12,error: Field 'length' not found,5/12/2016,188
libero non,clothing,536.62,920,Samsung,Khaki,77.8,error: Field 'length' not found,11/19/2020,189
nulla,automotive,397.47,350,Apple,Aquamarine,95.56,error: Field 'length' not found,6/1/2010,190
curae donec,toys,942.31,123,Samsung,Puce,83.28,error: Field 'length' not found,3/2/2020,191
potenti cras,automotive,931.92,638,Samsung,Indigo,5.52,error: Field 'length' not found,2/25/2022,192
nulla,food,808.03,108,Nike,Puce,9.38,error: Field 'length' not found,2/7/2020,193
augue vestibulum,home decor,947.77,694,Apple,Purple,70.21,error: Field 'length' not found,9/17/2019,194
venenatis non,sports,739.93,435,Nike,Mauv,36.37,error: Field 'length' not found,12/23/2019,195
ut,electronics,992.17,784,Samsung,Blue,90.07,error: Field 'length' not found,5/10/2021,196
ultrices enim,food,735.96,823,Nike,Fuscia,85.81,error: Field 'length' not found,2/13/2020,197
erat quisque,books,652.12,788,Nike,Orange,82.28,error: Field 'length' not found,10/20/2014,198
amet cursus,sports,879.33,813,Nike,Khaki,31.48,error: Field 'length' not found,2/18/2014,199
duis faucibus,home decor,111.71,188,Samsung,Red,55.84,error: Field 'length' not found,10/7/2012,200
cubilia curae,automotive,973.9,653,Apple,Pink,34.74,error: Field 'length' not found,3/25/2013,201
nullam molestie,beauty,849.1,456,Samsung,Yellow,28.26,error: Field 'length' not found,8/14/2012,202
convallis,automotive,214.77,866,Nike,Pink,74.74,error: Field 'length' not found,5/9/2010,203
penatibus et,beauty,649.87,929,Samsung,Crimson,22.51,error: Field 'length' not found,1/4/2015,204
ac enim,electronics,576.5,57,Samsung,Mauv,74.02,error: Field 'length' not found,4/17/2012,205
nulla,toys,218.66,680,Samsung,Mauv,16.27,error: Field 'length' not found,2/15/2018,206
habitasse platea,electronics,722.78,818,Apple,Green,75.01,error: Field 'length' not found,7/30/2022,207
volutpat convallis,books,531.09,440,Apple,Green,9.17,error: Field 'length' not found,7/28/2017,208
non mi,toys,571.24,311,Nike,Pink,53.48,error: Field 'length' not found,10/14/2019,209
volutpat dui,sports,461.74,830,Samsung,Khaki,39.06,error: Field 'length' not found,6/8/2021,210
massa,automotive,381.78,247,Samsung,Teal,9.11,error: Field 'length' not found,7/12/2011,211
vel,home decor,586.84,251,Samsung,Green,90.81,error: Field 'length' not found,7/15/2012,212
diam,health,585.95,4,Nike,Fuscia,91.29,error: Field 'length' not found,5/7/2021,213
vel lectus,automotive,474.02,919,Apple,Purple,30.84,error: Field 'length' not found,7/3/2019,214
adipiscing elit,automotive,671.32,716,Nike,Violet,71.06,error: Field 'length' not found,4/20/2013,215
diam erat,clothing,733.85,439,Samsung,Puce,18.83,error: Field 'length' not found,12/3/2014,216
justo aliquam,clothing,286.95,905,Samsung,Teal,74.63,error: Field 'length' not found,4/30/2017,217
dictumst aliquam,sports,335.37,739,Samsung,Blue,83,error: Field 'length' not found,5/8/2018,218
eget semper,food,920.81,137,Samsung,Orange,37.23,error: Field 'length' not found,11/11/2010,219
morbi non,electronics,609.62,453,Samsung,Blue,11.24,error: Field 'length' not found,2/10/2017,220
dolor,food,597.44,25,Apple,Green,86.12,error: Field 'length' not found,6/30/2019,221
blandit,toys,607.28,61,Apple,Orange,81.07,error: Field 'length' not found,11/18/2021,222
pede,sports,723.75,710,Nike,Teal,45.48,error: Field 'length' not found,7/8/2011,223
orci,sports,382.99,760,Samsung,Goldenrod,90.76,error: Field 'length' not found,11/6/2015,224
in faucibus,beauty,438.25,7,Nike,Puce,73.35,error: Field 'length' not found,5/15/2011,225
eleifend,home decor,487.36,588,Samsung,Orange,93.97,error: Field 'length' not found,3/24/2016,226
posuere metus,beauty,812.35,32,Nike,Maroon,93.77,error: Field 'length' not found,1/16/2015,227
tincidunt,home decor,947.24,152,Samsung,Fuscia,96.15,error: Field 'length' not found,6/5/2022,228
in tempor,food,193.44,48,Apple,Teal,16.23,error: Field 'length' not found,2/10/2011,229
quam sollicitudin,clothing,709.85,308,Samsung,Fuscia,46.23,error: Field 'length' not found,9/25/2017,230
proin,home decor,92.81,160,Apple,Crimson,8.8,error: Field 'length' not found,11/20/2012,231
blandit,books,10.84,966,Apple,Khaki,73.99,error: Field 'length' not found,7/29/2014,232
ultrices enim,books,246.92,67,Nike,Fuscia,15.65,error: Field 'length' not found,12/20/2022,233
in,books,775.12,716,Nike,Green,78.56,error: Field 'length' not found,12/4/2014,234
pretium,sports,175.98,94,Nike,Khaki,18.5,error: Field 'length' not found,9/23/2021,235
elementum ligula,health,59.15,166,Nike,Mauv,32.11,error: Field 'length' not found,11/12/2016,236
diam neque,health,125.28,877,Samsung,Pink,39.71,error: Field 'length' not found,2/19/2010,237
dolor sit,sports,221.92,510,Nike,Indigo,93.32,error: Field 'length' not found,8/4/2013,238
sed,health,535.59,935,Samsung,Blue,37.59,error: Field 'length' not found,2/5/2016,239
quam,health,867.85,872,Apple,Teal,22.1,error: Field 'length' not found,7/5/2013,240
pede ac,beauty,628.82,363,Nike,Mauv,55.42,error: Field 'length' not found,11/30/2011,241
nunc proin,books,767.7,310,Samsung,Aquamarine,39.27,error: Field 'length' not found,8/22/2011,242
quis odio,pets,777.53,888,Samsung,Goldenrod,56.42,error: Field 'length' not found,3/14/2019,243
ipsum primis,home decor,498.83,539,Nike,Red,50.51,error: Field 'length' not found,7/25/2015,244
non,beauty,878.58,537,Nike,Fuscia,12.49,error: Field 'length' not found,2/9/2013,245
congue,health,857.6,497,Apple,Violet,58.73,error: Field 'length' not found,4/18/2021,246
ut,beauty,388.48,677,Samsung,Puce,22.62,error: Field 'length' not found,4/26/2019,247
porta,clothing,709.59,292,Apple,Pink,70.65,error: Field 'length' not found,2/19/2013,248
vel,health,479.52,662,Nike,Crimson,45.34,error: Field 'length' not found,1/26/2017,249
nec,automotive,906.08,130,Apple,Fuscia,55.83,error: Field 'length' not found,7/26/2022,250
sit,toys,23.75,17,Nike,Teal,97.08,error: Field 'length' not found,10/24/2020,251
ac,books,800.18,303,Apple,Turquoise,33.76,error: Field 'length' not found,3/22/2010,252
tortor,electronics,195.66,959,Apple,Puce,80.13,error: Field 'length' not found,3/8/2015,253
sem,food,632.04,398,Samsung,Aquamarine,15.26,error: Field 'length' not found,12/8/2010,254
donec vitae,books,14.48,621,Nike,Violet,80.24,error: Field 'length' not found,1/8/2021,255
adipiscing,clothing,429.91,738,Samsung,Pink,53.86,error: Field 'length' not found,8/22/2021,256
eget,books,115.22,972,Apple,Purple,64.39,error: Field 'length' not found,7/25/2021,257
sit,books,700.12,454,Apple,Teal,92.47,error: Field 'length' not found,12/5/2020,258
vitae nisi,beauty,306.96,201,Apple,Mauv,5.18,error: Field 'length' not found,9/20/2014,259
in,automotive,83,23,Apple,Turquoise,1.61,error: Field 'length' not found,9/23/2011,260
suspendisse,automotive,295.63,985,Apple,Orange,24.92,error: Field 'length' not found,6/14/2011,261
sem,beauty,227.35,447,Samsung,Yellow,86.13,error: Field 'length' not found,6/12/2016,262
vestibulum,sports,784.86,205,Samsung,Yellow,86.82,error: Field 'length' not found,8/19/2017,263
vel,electronics,582.81,331,Apple,Crimson,89.83,error: Field 'length' not found,9/2/2011,264
a,health,751.38,651,Nike,Mauv,18.76,error: Field 'length' not found,4/4/2021,265
posuere cubilia,toys,654.04,720,Apple,Purple,80.64,error: Field 'length' not found,12/13/2020,266
vestibulum sagittis,food,130.52,761,Nike,Turquoise,18.29,error: Field 'length' not found,9/24/2020,267
sit,books,397.34,288,Samsung,Indigo,84.65,error: Field 'length' not found,12/29/2020,268
tellus nulla,beauty,904.94,924,Samsung,Maroon,62.03,error: Field 'length' not found,12/7/2013,269
euismod scelerisque,home decor,88.74,27,Nike,Red,67.7,error: Field 'length' not found,3/24/2015,270
rutrum nulla,toys,230.94,832,Samsung,Yellow,61.89,error: Field 'length' not found,3/29/2021,271
sapien dignissim,books,435.95,741,Samsung,Fuscia,35.5,error: Field 'length' not found,9/13/2020,272
turpis a,pets,989.52,997,Nike,Turquoise,22.48,error: Field 'length' not found,3/8/2013,273
ligula suspendisse,automotive,338.95,788,Apple,Red,29.09,error: Field 'length' not found,3/2/2015,274
erat,automotive,120.17,308,Nike,Teal,20.86,error: Field 'length' not found,3/4/2022,275
turpis,books,595.3,687,Nike,Pink,31.77,error: Field 'length' not found,7/1/2012,276
mauris,automotive,579.9,176,Samsung,Goldenrod,6.78,error: Field 'length' not found,12/6/2017,277
pede lobortis,toys,40.52,809,Nike,Maroon,17.72,error: Field 'length' not found,1/10/2015,278
donec,beauty,494.92,530,Nike,Turquoise,34.3,error: Field 'length' not found,2/24/2020,279
ante ipsum,electronics,892.28,386,Samsung,Khaki,53.63,error: Field 'length' not found,4/29/2019,280
quis,food,371.98,779,Nike,Khaki,64.06,error: Field 'length' not found,10/14/2013,281
in leo,home decor,400.6,893,Samsung,Indigo,22.65,error: Field 'length' not found,8/8/2010,282
orci,health,242.71,115,Apple,Green,90.48,error: Field 'length' not found,4/6/2021,283
cras,toys,526.66,314,Nike,Mauv,31.55,error: Field 'length' not found,3/23/2010,284
ipsum,automotive,576.58,687,Nike,Fuscia,44,error: Field 'length' not found,5/9/2022,285
est donec,automotive,835.23,485,Nike,Maroon,97.2,error: Field 'length' not found,10/24/2019,286
euismod,beauty,708.51,64,Samsung,Orange,59.78,error: Field 'length' not found,10/17/2018,287
volutpat,beauty,167.39,311,Apple,Crimson,73.24,error: Field 'length' not found,4/10/2011,288
rhoncus mauris,electronics,146.87,726,Samsung,Fuscia,83.68,error: Field 'length' not found,8/3/2021,289
primis in,food,538.02,538,Samsung,Violet,83.88,error: Field 'length' not found,1/9/2021,290
augue,health,601.73,498,Nike,Turquoise,64.58,error: Field 'length' not found,11/25/2016,291
posuere,home decor,550.86,666,Nike,Violet,16.71,error: Field 'length' not found,10/21/2019,292
nulla quisque,automotive,925.1,29,Samsung,Purple,94.52,error: Field 'length' not found,2/18/2010,293
orci pede,books,149.67,899,Apple,Goldenrod,52.48,error: Field 'length' not found,9/24/2014,294
justo,automotive,865.09,220,Samsung,Purple,9.75,error: Field 'length' not found,4/13/2015,295
lectus,toys,936.72,145,Nike,Red,54.68,error: Field 'length' not found,3/4/2017,296
elementum,pets,343.97,633,Samsung,Red,45.7,error: Field 'length' not found,8/2/2012,297
duis bibendum,health,17.72,953,Apple,Goldenrod,53.12,error: Field 'length' not found,1/29/2021,298
felis,beauty,504.3,199,Samsung,Mauv,97.26,error: Field 'length' not found,11/2/2014,299
molestie nibh,pets,679.62,162,Nike,Orange,43.68,error: Field 'length' not found,12/19/2014,300
mi,health,141.79,1000,Apple,Fuscia,30.02,error: Field 'length' not found,8/29/2018,301
eu,pets,211.71,480,Nike,Orange,16.06,error: Field 'length' not found,5/16/2010,302
nulla nisl,books,721.07,955,Samsung,Fuscia,22.28,error: Field 'length' not found,1/12/2011,303
volutpat in,toys,259.76,375,Samsung,Aquamarine,78.77,error: Field 'length' not found,6/3/2018,304
gravida nisi,health,969.8,511,Apple,Pink,99.86,error: Field 'length' not found,5/8/2021,305
penatibus,sports,770.87,499,Apple,Teal,5.47,error: Field 'length' not found,1/26/2016,306
sodales,books,310.72,583,Apple,Maroon,50.31,error: Field 'length' not found,2/11/2012,307
ac consequat,clothing,533.88,798,Samsung,Orange,26.93,error: Field 'length' not found,9/28/2022,308
congue,health,807.04,181,Apple,Mauv,55.19,error: Field 'length' not found,8/21/2022,309
ut volutpat,toys,451.1,919,Samsung,Mauv,24.63,error: Field 'length' not found,3/7/2013,310
quis odio,automotive,979.51,1,Apple,Orange,11.68,error: Field 'length' not found,9/28/2021,311
interdum mauris,sports,407.4,925,Samsung,Pink,95.35,error: Field 'length' not found,11/12/2012,312
quam pede,books,179.44,631,Apple,Red,11.91,error: Field 'length' not found,5/9/2010,313
integer tincidunt,automotive,288.9,518,Apple,Maroon,52.04,error: Field 'length' not found,5/27/2012,314
diam,health,727.8,607,Apple,Maroon,54.57,error: Field 'length' not found,9/6/2011,315
ac est,food,60.89,572,Samsung,Crimson,43.59,error: Field 'length' not found,1/1/2022,316
ultrices,electronics,931.37,415,Samsung,Orange,68.73,error: Field 'length' not found,7/18/2020,317
bibendum,home decor,814.08,351,Apple,Pink,15.65,error: Field 'length' not found,7/2/2010,318
est donec,electronics,173.23,287,Nike,Puce,68.14,error: Field 'length' not found,9/20/2015,319
laoreet,sports,437.16,48,Samsung,Red,39.17,error: Field 'length' not found,7/20/2021,320
pede,toys,376.59,425,Apple,Mauv,76.55,error: Field 'length' not found,9/5/2021,321
nullam orci,pets,403.39,603,Nike,Goldenrod,79.37,error: Field 'length' not found,3/24/2015,322
vel ipsum,food,333.16,656,Apple,Khaki,91.72,error: Field 'length' not found,4/12/2020,323
lectus suspendisse,beauty,795.46,822,Nike,Puce,86.76,error: Field 'length' not found,11/7/2019,324
enim,beauty,413.96,330,Samsung,Goldenrod,26.58,error: Field 'length' not found,4/23/2010,325
justo nec,home decor,348.18,194,Samsung,Pink,73.32,error: Field 'length' not found,10/18/2019,326
suscipit a,sports,29.7,65,Apple,Teal,12.2,error: Field 'length' not found,9/3/2014,327
consequat varius,pets,464.98,298,Samsung,Blue,90.17,error: Field 'length' not found,9/21/2015,328
risus,beauty,451.31,458,Apple,Blue,54.15,error: Field 'length' not found,3/17/2017,329
magna,electronics,970.47,502,Samsung,Fuscia,46.48,error: Field 'length' not found,5/31/2020,330
eleifend,beauty,516.5,603,Apple,Turquoise,7.36,error: Field 'length' not found,4/23/2019,331
vehicula consequat,food,931.89,949,Samsung,Green,3.5,error: Field 'length' not found,5/19/2013,332
justo in,toys,162.69,73,Apple,Khaki,0.78,error: Field 'length' not found,10/15/2020,333
ultrices,electronics,690.55,343,Samsung,Green,24.55,error: Field 'length' not found,4/21/2015,334
metus aenean,automotive,453.72,35,Nike,Puce,68.02,error: Field 'length' not found,6/11/2011,335
duis bibendum,sports,574.24,320,Apple,Teal,4.61,error: Field 'length' not found,1/29/2021,336
eu sapien,sports,268.04,136,Apple,Pink,20.99,error: Field 'length' not found,6/22/2019,337
faucibus,automotive,179.94,33,Samsung,Purple,2.08,error: Field 'length' not found,5/14/2014,338
accumsan,health,526.93,126,Nike,Purple,65.79,error: Field 'length' not found,5/30/2011,339
orci nullam,sports,911.56,226,Samsung,Blue,60.09,error: Field 'length' not found,9/16/2020,340
rhoncus aliquet,food,752.85,38,Samsung,Mauv,26.41,error: Field 'length' not found,7/25/2018,341
vulputate luctus,electronics,522.16,71,Samsung,Mauv,3.51,error: Field 'length' not found,7/24/2021,342
donec ut,electronics,705.85,337,Samsung,Puce,52.12,error: Field 'length' not found,2/16/2018,343
in imperdiet,sports,541.89,887,Samsung,Blue,13.16,error: Field 'length' not found,12/24/2015,344
consequat,clothing,98.62,821,Nike,Blue,51.39,error: Field 'length' not found,5/30/2010,345
nonummy,home decor,992.55,83,Nike,Yellow,65.53,error: Field 'length' not found,2/12/2022,346
platea dictumst,clothing,669.3,856,Samsung,Purple,61.38,error: Field 'length' not found,1/14/2017,347
eleifend,pets,230.78,214,Samsung,Turquoise,39.26,error: Field 'length' not found,6/8/2014,348
vestibulum velit,home decor,480.73,696,Nike,Violet,21.35,error: Field 'length' not found,3/4/2016,349
nunc vestibulum,food,737.32,82,Nike,Purple,16.8,error: Field 'length' not found,1/30/2014,350
quam,beauty,94.38,511,Samsung,Green,25.51,error: Field 'length' not found,4/22/2017,351
eu interdum,pets,441.85,672,Samsung,Maroon,45.01,error: Field 'length' not found,10/27/2012,352
iaculis,health,199.06,668,Nike,Violet,54.35,error: Field 'length' not found,2/3/2016,353
donec,pets,405.21,148,Samsung,Indigo,90.03,error: Field 'length' not found,6/22/2022,354
morbi porttitor,electronics,308.04,958,Samsung,Blue,91.75,error: Field 'length' not found,11/30/2014,355
sem praesent,automotive,416.86,230,Nike,Fuscia,46.41,error: Field 'length' not found,10/31/2014,356
posuere,home decor,776.83,117,Apple,Khaki,10.4,error: Field 'length' not found,12/6/2019,357
elementum,beauty,39.82,572,Nike,Puce,5.33,error: Field 'length' not found,2/22/2015,358
varius,electronics,265.32,690,Nike,Mauv,92.14,error: Field 'length' not found,11/23/2020,359
primis,health,0.22,208,Samsung,Red,27.32,error: Field 'length' not found,2/12/2014,360
platea dictumst,electronics,891.61,52,Apple,Aquamarine,73.5,error: Field 'length' not found,12/9/2015,361
sapien cum,electronics,159.61,431,Apple,Puce,41.13,error: Field 'length' not found,3/25/2022,362
aliquet,home decor,286.39,588,Samsung,Blue,96.78,error: Field 'length' not found,12/28/2016,363
consequat morbi,food,199.42,685,Samsung,Goldenrod,30.51,error: Field 'length' not found,6/4/2021,364
vulputate luctus,food,469.45,217,Samsung,Aquamarine,2.26,error: Field 'length' not found,2/5/2013,365
neque,automotive,227.39,33,Nike,Pink,38.27,error: Field 'length' not found,7/25/2018,366
vulputate,clothing,601.3,755,Samsung,Aquamarine,61.59,error: Field 'length' not found,7/31/2020,367
lacinia erat,food,630.37,194,Apple,Yellow,31.33,error: Field 'length' not found,10/31/2011,368
luctus et,home decor,483.88,193,Apple,Turquoise,83.54,error: Field 'length' not found,7/5/2010,369
gravida nisi,toys,147.57,206,Apple,Indigo,41.53,error: Field 'length' not found,3/18/2022,370
diam neque,sports,347.42,359,Nike,Fuscia,94.06,error: Field 'length' not found,6/6/2018,371
quis,food,509.75,571,Samsung,Khaki,26.55,error: Field 'length' not found,7/5/2021,372
sed augue,books,753.59,999,Samsung,Crimson,61.93,error: Field 'length' not found,6/12/2010,373
hac habitasse,clothing,620.49,509,Nike,Yellow,87.43,error: Field 'length' not found,10/2/2015,374
viverra,books,355.33,260,Samsung,Mauv,26.19,error: Field 'length' not found,11/10/2022,375
bibendum,electronics,496.43,570,Apple,Violet,7.66,error: Field 'length' not found,10/26/2012,376
dictumst aliquam,toys,32.44,501,Samsung,Green,29.44,error: Field 'length' not found,5/9/2010,377
feugiat non,pets,206.9,488,Samsung,Puce,83.94,error: Field 'length' not found,3/1/2014,378
non ligula,toys,908.65,683,Samsung,Maroon,91.4,error: Field 'length' not found,11/4/2018,379
eros viverra,pets,784.9,195,Samsung,Yellow,18.21,error: Field 'length' not found,2/22/2011,380
sit amet,home decor,788.11,612,Apple,Puce,36.36,error: Field 'length' not found,8/13/2022,381
odio,clothing,675.22,794,Nike,Teal,4.26,error: Field 'length' not found,9/5/2018,382
amet cursus,electronics,196.82,243,Samsung,Pink,2.7,error: Field 'length' not found,1/20/2017,383
consequat,books,709.07,237,Apple,Green,2.46,error: Field 'length' not found,4/15/2013,384
lobortis est,books,232.43,642,Nike,Fuscia,80.06,error: Field 'length' not found,2/19/2020,385
malesuada in,electronics,992.14,709,Nike,Violet,94.54,error: Field 'length' not found,7/9/2020,386
sed interdum,electronics,926.54,108,Nike,Turquoise,6.11,error: Field 'length' not found,12/20/2016,387
odio,electronics,185.81,164,Apple,Orange,87.35,error: Field 'length' not found,2/13/2017,388
curae mauris,toys,519.66,507,Samsung,Red,85.55,error: Field 'length' not found,5/17/2013,389
fusce lacus,books,204.48,379,Nike,Maroon,86.32,error: Field 'length' not found,7/11/2017,390
gravida,books,313.44,338,Apple,Teal,39.16,error: Field 'length' not found,4/29/2012,391
magna,electronics,407.54,471,Apple,Fuscia,12.19,error: Field 'length' not found,9/11/2022,392
nulla,food,491.1,649,Apple,Goldenrod,57.85,error: Field 'length' not found,8/7/2012,393
posuere cubilia,pets,585.77,737,Samsung,Teal,61.29,error: Field 'length' not found,9/23/2018,394
cursus,electronics,792.68,997,Samsung,Violet,40.02,error: Field 'length' not found,5/1/2014,395
nisl nunc,automotive,657.72,986,Nike,Teal,22.04,error: Field 'length' not found,5/28/2020,396
enim in,electronics,972.88,126,Apple,Pink,83.77,error: Field 'length' not found,2/1/2016,397
at vulputate,food,814.98,367,Apple,Khaki,38.37,error: Field 'length' not found,8/2/2022,398
nulla sed,automotive,357.47,84,Apple,Maroon,63,error: Field 'length' not found,7/11/2016,399
odio condimentum,pets,811.44,494,Samsung,Red,90.77,error: Field 'length' not found,8/6/2021,400
dui vel,books,464.88,597,Samsung,Indigo,52.43,error: Field 'length' not found,8/21/2010,401
cras in,food,807.6,196,Samsung,Purple,57.1,error: Field 'length' not found,1/7/2021,402
consequat metus,clothing,685.12,811,Nike,Fuscia,80.31,error: Field 'length' not found,11/14/2018,403
nunc,automotive,680.41,342,Nike,Red,23.21,error: Field 'length' not found,12/3/2020,404
amet,health,534.02,583,Nike,Crimson,42.63,error: Field 'length' not found,6/30/2012,405
sed interdum,sports,171.33,436,Nike,Teal,47.6,error: Field 'length' not found,8/12/2022,406
massa id,health,315.97,511,Apple,Yellow,51.63,error: Field 'length' not found,10/6/2012,407
rutrum neque,toys,735.13,253,Nike,Aquamarine,72.98,error: Field 'length' not found,8/26/2015,408
posuere,pets,844.82,798,Samsung,Khaki,22.45,error: Field 'length' not found,7/12/2018,409
vel,health,307.25,808,Apple,Yellow,17.46,error: Field 'length' not found,9/30/2019,410
sapien a,electronics,703.44,889,Samsung,Pink,28.41,error: Field 'length' not found,5/31/2012,411
lorem,books,786.58,762,Nike,Blue,97.51,error: Field 'length' not found,8/1/2017,412
cubilia curae,electronics,442.72,478,Apple,Orange,91.32,error: Field 'length' not found,9/24/2022,413
ac leo,pets,199.81,166,Samsung,Aquamarine,44.51,error: Field 'length' not found,3/6/2011,414
arcu adipiscing,food,788.66,737,Samsung,Turquoise,47.77,error: Field 'length' not found,9/1/2012,415
neque,sports,558.53,706,Apple,Violet,19.58,error: Field 'length' not found,5/2/2019,416
leo,clothing,310.21,399,Nike,Crimson,47.85,error: Field 'length' not found,5/5/2013,417
curae,clothing,875.54,384,Apple,Goldenrod,74.22,error: Field 'length' not found,8/21/2018,418
metus,clothing,346.03,32,Nike,Khaki,78.77,error: Field 'length' not found,8/9/2016,419
interdum eu,home decor,532.72,753,Samsung,Orange,33.18,error: Field 'length' not found,1/9/2012,420
sed vestibulum,electronics,992.68,199,Apple,Puce,0.69,error: Field 'length' not found,12/19/2022,421
lacus,home decor,269.48,956,Samsung,Purple,9.28,error: Field 'length' not found,10/26/2012,422
enim,health,524.68,760,Samsung,Goldenrod,14.71,error: Field 'length' not found,10/1/2010,423
luctus,beauty,240.84,674,Samsung,Aquamarine,72.26,error: Field 'length' not found,4/27/2018,424
lobortis,toys,470.31,924,Samsung,Fuscia,36.17,error: Field 'length' not found,5/14/2011,425
sagittis sapien,pets,141.85,394,Apple,Maroon,87.76,error: Field 'length' not found,4/12/2010,426
ligula,automotive,422.84,381,Nike,Red,21.98,error: Field 'length' not found,11/23/2012,427
morbi sem,food,845,211,Nike,Mauv,54.2,error: Field 'length' not found,4/17/2021,428
convallis,sports,560.25,824,Nike,Pink,89.86,error: Field 'length' not found,3/18/2012,429
non quam,toys,870.73,531,Samsung,Violet,50.12,error: Field 'length' not found,4/30/2017,430
lectus aliquam,home decor,577.91,543,Apple,Mauv,0.94,error: Field 'length' not found,3/10/2022,431
rhoncus sed,electronics,283.29,425,Apple,Red,82.89,error: Field 'length' not found,5/13/2013,432
magna,automotive,830.52,496,Samsung,Crimson,94.53,error: Field 'length' not found,7/16/2016,433
libero,beauty,2.47,340,Samsung,Mauv,71.16,error: Field 'length' not found,9/13/2015,434
non,electronics,838.21,136,Samsung,Yellow,67.78,error: Field 'length' not found,12/23/2016,435
ut nunc,food,106.92,222,Apple,Aquamarine,41.92,error: Field 'length' not found,4/2/2018,436
nisl,automotive,653.45,643,Samsung,Indigo,17.89,error: Field 'length' not found,12/30/2014,437
integer ac,automotive,726.27,127,Samsung,Turquoise,29.38,error: Field 'length' not found,7/12/2019,438
interdum,food,923.9,164,Nike,Crimson,54.31,error: Field 'length' not found,1/31/2011,439
mattis,electronics,838.85,261,Apple,Pink,62.44,error: Field 'length' not found,9/24/2020,440
consequat dui,beauty,755.89,190,Nike,Blue,61.1,error: Field 'length' not found,7/26/2013,441
ac,clothing,862.44,946,Nike,Purple,78.61,error: Field 'length' not found,6/4/2018,442
ipsum praesent,food,78.77,522,Samsung,Mauv,80.22,error: Field 'length' not found,5/3/2010,443
libero rutrum,books,574.29,102,Apple,Mauv,68.13,error: Field 'length' not found,4/24/2015,444
odio,sports,15.1,831,Samsung,Turquoise,91.87,error: Field 'length' not found,8/9/2010,445
arcu adipiscing,home decor,463.51,306,Samsung,Pink,38.09,error: Field 'length' not found,11/14/2012,446
diam cras,health,21.79,89,Nike,Fuscia,95.64,error: Field 'length' not found,8/31/2015,447
quisque,home decor,800.11,7,Nike,Yellow,31.26,error: Field 'length' not found,1/23/2019,448
lorem,clothing,439.94,782,Nike,Green,16.45,error: Field 'length' not found,8/27/2012,449
tempor turpis,books,99.79,481,Nike,Blue,38.28,error: Field 'length' not found,10/24/2020,450
massa,clothing,293.31,628,Samsung,Turquoise,5.39,error: Field 'length' not found,2/6/2020,451
bibendum,pets,465.32,878,Samsung,Orange,45.09,error: Field 'length' not found,3/31/2010,452
amet cursus,home decor,68.12,746,Samsung,Green,48.5,error: Field 'length' not found,9/3/2011,453
vulputate justo,automotive,121.89,875,Samsung,Crimson,85.36,error: Field 'length' not found,9/29/2011,454
quis,food,7.37,191,Nike,Khaki,39.83,error: Field 'length' not found,8/22/2022,455
volutpat,pets,129.86,774,Samsung,Red,39.93,error: Field 'length' not found,8/18/2016,456
nec nisi,toys,41.44,522,Samsung,Red,16.43,error: Field 'length' not found,1/9/2017,457
lectus in,toys,918.66,292,Apple,Green,88.14,error: Field 'length' not found,9/4/2017,458
ut volutpat,automotive,987.96,63,Apple,Teal,10.6,error: Field 'length' not found,11/10/2021,459
nulla mollis,beauty,877.59,95,Samsung,Teal,18.19,error: Field 'length' not found,11/23/2019,460
eget eros,toys,522.23,94,Samsung,Indigo,96.62,error: Field 'length' not found,5/12/2020,461
volutpat sapien,home decor,724.31,49,Nike,Teal,8.56,error: Field 'length' not found,1/21/2014,462
eu,books,895.88,560,Apple,Puce,5.25,error: Field 'length' not found,5/30/2021,463
odio condimentum,books,272.56,609,Samsung,Pink,34.48,error: Field 'length' not found,6/6/2021,464
nec nisi,pets,335.38,316,Samsung,Aquamarine,39.11,error: Field 'length' not found,8/9/2018,465
sem,health,684.61,25,Samsung,Goldenrod,52.28,error: Field 'length' not found,10/12/2015,466
morbi,home decor,794.33,521,Apple,Goldenrod,21.53,error: Field 'length' not found,9/6/2020,467
enim lorem,health,90.25,813,Apple,Goldenrod,58.45,error: Field 'length' not found,8/4/2014,468
ligula,toys,767.63,331,Samsung,Maroon,45.89,error: Field 'length' not found,12/14/2014,469
nam congue,beauty,325.16,715,Apple,Orange,51.51,error: Field 'length' not found,10/30/2015,470
ligula,beauty,124.34,920,Apple,Purple,40.94,error: Field 'length' not found,9/24/2010,471
accumsan felis,sports,336.19,908,Samsung,Maroon,32.38,error: Field 'length' not found,7/1/2022,472
hac,pets,659.48,840,Nike,Mauv,63.93,error: Field 'length' not found,8/15/2010,473
sit amet,automotive,756.23,26,Apple,Violet,90.23,error: Field 'length' not found,12/28/2022,474
integer,sports,255.65,82,Samsung,Puce,14.38,error: Field 'length' not found,12/26/2022,475
elementum ligula,health,249.86,190,Nike,Turquoise,0.65,error: Field 'length' not found,8/27/2012,476
id nisl,automotive,539.62,249,Nike,Orange,34.2,error: Field 'length' not found,5/2/2015,477
ultrices,home decor,864.17,603,Nike,Green,3.68,error: Field 'length' not found,10/30/2015,478
tortor risus,sports,905.81,220,Apple,Mauv,16.16,error: Field 'length' not found,4/13/2017,479
eget eros,sports,675.45,305,Nike,Purple,74.82,error: Field 'length' not found,6/13/2020,480
pretium,electronics,523.69,650,Nike,Maroon,99.52,error: Field 'length' not found,7/9/2017,481
risus semper,health,839.44,163,Apple,Crimson,23.46,error: Field 'length' not found,7/27/2011,482
nullam,sports,316.27,29,Nike,Teal,3.47,error: Field 'length' not found,4/30/2015,483
tristique est,books,584.86,876,Nike,Turquoise,45.99,error: Field 'length' not found,7/25/2012,484
urna ut,sports,740.98,988,Apple,Puce,61.12,error: Field 'length' not found,4/30/2014,485
eget,beauty,269.83,550,Apple,Khaki,51.81,error: Field 'length' not found,3/16/2015,486
penatibus et,health,424.48,127,Nike,Pink,75.55,error: Field 'length' not found,9/6/2011,487
mauris,pets,910.92,283,Nike,Red,56.23,error: Field 'length' not found,12/20/2015,488
et,toys,231.27,173,Nike,Goldenrod,99.36,error: Field 'length' not found,6/23/2017,489
praesent,clothing,174.74,394,Apple,Orange,19.66,error: Field 'length' not found,8/17/2020,490
pretium,health,914.99,889,Apple,Mauv,6.77,error: Field 'length' not found,12/12/2012,491
accumsan felis,sports,532.21,934,Samsung,Mauv,38.84,error: Field 'length' not found,6/24/2015,492
massa,pets,795.55,173,Apple,Puce,85.71,error: Field 'length' not found,12/6/2017,493
sapien,home decor,406.39,341,Samsung,Blue,16.76,error: Field 'length' not found,1/19/2012,494
congue risus,pets,875.42,928,Samsung,Purple,86.5,error: Field 'length' not found,8/28/2014,495
risus auctor,food,137.63,811,Nike,Goldenrod,2.72,error: Field 'length' not found,1/20/2014,496
nam ultrices,automotive,944.06,231,Apple,Indigo,81.58,error: Field 'length' not found,12/14/2019,497
pharetra magna,sports,307.05,189,Apple,Teal,78.25,error: Field 'length' not found,5/5/2011,498
in sagittis,books,855.09,595,Samsung,Maroon,54.51,error: Field 'length' not found,4/7/2013,499
luctus ultricies,sports,689.34,852,Nike,Teal,4.64,error: Field 'length' not found,6/29/2012,500
magna at,toys,562.5,320,Samsung,Teal,47.97,error: Field 'length' not found,4/7/2015,501
ligula nec,sports,282.29,404,Nike,Blue,96.07,error: Field 'length' not found,10/30/2021,502
natoque,home decor,834.21,917,Samsung,Orange,82.98,error: Field 'length' not found,11/18/2019,503
lorem integer,beauty,818.03,685,Samsung,Pink,41.11,error: Field 'length' not found,7/21/2015,504
iaculis,health,660.77,287,Apple,Mauv,81.5,error: Field 'length' not found,12/18/2019,505
eleifend luctus,books,34.41,926,Samsung,Khaki,83.23,error: Field 'length' not found,3/25/2020,506
velit nec,sports,47.43,890,Samsung,Red,78.59,error: Field 'length' not found,8/17/2020,507
lorem ipsum,books,149.17,193,Nike,Khaki,52.67,error: Field 'length' not found,11/19/2016,508
nullam varius,toys,565.78,811,Nike,Fuscia,85.91,error: Field 'length' not found,4/25/2020,509
non pretium,automotive,104.1,124,Samsung,Mauv,39.36,error: Field 'length' not found,11/4/2016,510
vel,home decor,624.66,465,Nike,Puce,45.97,error: Field 'length' not found,2/17/2018,511
leo,sports,849.59,154,Samsung,Pink,22.47,error: Field 'length' not found,8/22/2012,512
imperdiet nullam,toys,560.28,598,Samsung,Pink,77.62,error: Field 'length' not found,9/17/2020,513
neque libero,books,637.78,816,Nike,Green,52.65,error: Field 'length' not found,11/19/2011,514
augue,pets,277.42,404,Nike,Turquoise,67.73,error: Field 'length' not found,7/9/2020,515
ipsum primis,clothing,10.53,617,Nike,Crimson,49.42,error: Field 'length' not found,8/3/2016,516
ultrices,books,250.89,441,Apple,Aquamarine,5.91,error: Field 'length' not found,10/21/2016,517
odio,food,351.21,299,Samsung,Red,20.6,error: Field 'length' not found,10/6/2012,518
praesent,electronics,734.34,948,Samsung,Orange,9.2,error: Field 'length' not found,2/4/2022,519
pede malesuada,clothing,385.73,153,Nike,Red,73.34,error: Field 'length' not found,7/5/2012,520
phasellus,clothing,96.25,871,Samsung,Turquoise,8.03,error: Field 'length' not found,1/15/2017,521
vestibulum ante,food,219.97,33,Nike,Puce,35.54,error: Field 'length' not found,12/11/2019,522
sollicitudin ut,clothing,131.05,391,Apple,Aquamarine,3.92,error: Field 'length' not found,8/28/2018,523
sed tincidunt,food,55.01,269,Samsung,Maroon,51.92,error: Field 'length' not found,8/12/2012,524
ac tellus,clothing,481.26,58,Nike,Goldenrod,2.38,error: Field 'length' not found,3/18/2018,525
vel,health,632.29,30,Nike,Aquamarine,77.32,error: Field 'length' not found,11/1/2020,526
justo,books,469.97,393,Nike,Indigo,0.93,error: Field 'length' not found,9/5/2020,527
id,beauty,738.15,342,Nike,Mauv,12.65,error: Field 'length' not found,8/14/2016,528
ac consequat,food,621.88,912,Apple,Mauv,60.89,error: Field 'length' not found,10/18/2010,529
dui luctus,automotive,876.6,620,Samsung,Puce,43.6,error: Field 'length' not found,8/11/2010,530
eros suspendisse,electronics,887.72,645,Samsung,Orange,85.88,error: Field 'length' not found,1/16/2022,531
nibh,books,993.07,318,Apple,Mauv,38.78,error: Field 'length' not found,8/2/2022,532
semper sapien,toys,889.44,89,Nike,Red,45.76,error: Field 'length' not found,10/24/2011,533
proin,toys,664.04,579,Apple,Pink,6.41,error: Field 'length' not found,10/15/2015,534
cubilia,health,445.87,838,Apple,Pink,36.58,error: Field 'length' not found,3/14/2012,535
auctor gravida,food,998.84,182,Apple,Puce,76.26,error: Field 'length' not found,5/19/2018,536
varius,electronics,95.17,235,Apple,Pink,46.58,error: Field 'length' not found,10/11/2013,537
erat id,beauty,415.84,238,Samsung,Goldenrod,32.88,error: Field 'length' not found,10/1/2018,538
mauris,books,633.29,378,Nike,Maroon,10.36,error: Field 'length' not found,5/23/2021,539
et,food,251.51,723,Apple,Indigo,44.42,error: Field 'length' not found,3/27/2012,540
ipsum dolor,home decor,768.57,418,Apple,Teal,64.06,error: Field 'length' not found,10/20/2020,541
nulla,beauty,580.19,390,Apple,Indigo,48.17,error: Field 'length' not found,7/2/2019,542
turpis,home decor,519.55,440,Nike,Red,19.52,error: Field 'length' not found,12/27/2010,543
ornare consequat,beauty,52.76,478,Nike,Turquoise,42.31,error: Field 'length' not found,10/12/2019,544
nulla tempus,books,313.57,490,Apple,Aquamarine,96.26,error: Field 'length' not found,9/16/2019,545
ut nunc,home decor,590.8,143,Nike,Turquoise,12.6,error: Field 'length' not found,11/23/2011,546
venenatis tristique,pets,592.82,36,Nike,Orange,7.04,error: Field 'length' not found,10/31/2018,547
id justo,clothing,714.36,583,Nike,Orange,80.83,error: Field 'length' not found,6/20/2018,548
rutrum,clothing,370.88,632,Samsung,Puce,40.46,error: Field 'length' not found,6/7/2018,549
nisi,sports,381.81,574,Apple,Pink,52.61,error: Field 'length' not found,1/29/2013,550
nulla,sports,182.19,946,Apple,Maroon,40.7,error: Field 'length' not found,6/2/2015,551
erat,food,654.49,5,Samsung,Crimson,18.93,error: Field 'length' not found,11/4/2020,552
quisque,home decor,819.67,687,Samsung,Indigo,59.06,error: Field 'length' not found,8/19/2019,553
sit,toys,372.46,827,Nike,Blue,99.23,error: Field 'length' not found,4/5/2013,554
sit,electronics,501.43,338,Apple,Pink,17.39,error: Field 'length' not found,7/15/2013,555
elit,toys,160.33,178,Samsung,Green,37.5,error: Field 'length' not found,9/11/2014,556
pede,automotive,141.4,505,Samsung,Goldenrod,3.95,error: Field 'length' not found,4/8/2013,557
magnis dis,books,608.7,25,Nike,Crimson,19.62,error: Field 'length' not found,3/2/2021,558
bibendum,pets,996.51,119,Apple,Red,38.92,error: Field 'length' not found,7/5/2022,559
porta,beauty,16.97,36,Nike,Khaki,93.44,error: Field 'length' not found,5/28/2010,560
vel pede,pets,613.82,772,Samsung,Goldenrod,67.99,error: Field 'length' not found,4/16/2018,561
eu magna,beauty,180.11,422,Apple,Goldenrod,97.15,error: Field 'length' not found,2/8/2017,562
at,toys,653.39,193,Nike,Maroon,55.32,error: Field 'length' not found,2/15/2014,563
risus dapibus,beauty,579.5,618,Samsung,Maroon,54.55,error: Field 'length' not found,7/14/2014,564
convallis duis,automotive,460.38,158,Samsung,Green,54.66,error: Field 'length' not found,12/7/2018,565
lacus morbi,food,667.47,845,Apple,Indigo,35.26,error: Field 'length' not found,12/3/2019,566
porttitor,books,993.79,28,Apple,Puce,88.54,error: Field 'length' not found,12/13/2021,567
sapien dignissim,electronics,439.23,342,Apple,Aquamarine,91.4,error: Field 'length' not found,5/2/2021,568
montes nascetur,clothing,502.94,35,Nike,Red,6.43,error: Field 'length' not found,6/4/2012,569
lorem,home decor,349.41,52,Samsung,Red,61.15,error: Field 'length' not found,9/27/2022,570
eros,sports,692.01,691,Samsung,Goldenrod,79.9,error: Field 'length' not found,3/24/2010,571
non,sports,600.57,267,Samsung,Yellow,38.07,error: Field 'length' not found,12/6/2020,572
quam sollicitudin,sports,470.18,773,Apple,Indigo,93.09,error: Field 'length' not found,8/18/2020,573
vitae,home decor,550.76,989,Samsung,Pink,71.9,error: Field 'length' not found,11/19/2019,574
duis,health,658.23,457,Nike,Red,84.81,error: Field 'length' not found,1/7/2017,575
sociis,health,422.05,876,Samsung,Indigo,76.29,error: Field 'length' not found,4/12/2012,576
pharetra magna,health,606.94,271,Apple,Indigo,18.42,error: Field 'length' not found,4/26/2020,577
sed sagittis,food,33.38,248,Apple,Goldenrod,33.46,error: Field 'length' not found,10/11/2018,578
hac,food,897.93,11,Apple,Fuscia,26.82,error: Field 'length' not found,11/4/2022,579
ligula vehicula,home decor,590.96,152,Nike,Aquamarine,36.94,error: Field 'length' not found,11/15/2014,580
placerat praesent,toys,262.09,249,Samsung,Crimson,8.5,error: Field 'length' not found,1/18/2013,581
orci,health,335.67,931,Samsung,Goldenrod,72.76,error: Field 'length' not found,12/18/2012,582
ac,pets,922.28,102,Apple,Goldenrod,86.44,error: Field 'length' not found,3/17/2021,583
nunc,beauty,111.48,829,Samsung,Maroon,50.72,error: Field 'length' not found,7/3/2012,584
urna,electronics,98.31,146,Nike,Blue,51.43,error: Field 'length' not found,10/6/2017,585
ac,home decor,668,419,Nike,Blue,32.76,error: Field 'length' not found,9/13/2019,586
elementum pellentesque,home decor,748.56,559,Samsung,Crimson,37.51,error: Field 'length' not found,3/31/2018,587
imperdiet nullam,pets,721.75,212,Apple,Crimson,36.03,error: Field 'length' not found,4/16/2013,588
dolor,toys,928.72,178,Nike,Red,77.85,error: Field 'length' not found,10/1/2018,589
justo,home decor,485.06,617,Apple,Red,61.27,error: Field 'length' not found,8/12/2020,590
vivamus vel,home decor,918.78,531,Nike,Yellow,37.21,error: Field 'length' not found,8/29/2017,591
proin eu,electronics,796.67,898,Nike,Puce,48.03,error: Field 'length' not found,10/9/2012,592
tempor turpis,clothing,22.83,501,Apple,Teal,49.98,error: Field 'length' not found,6/16/2022,593
tempus,electronics,475.94,856,Nike,Goldenrod,37.96,error: Field 'length' not found,4/27/2022,594
vestibulum ante,books,169.56,630,Nike,Blue,27.4,error: Field 'length' not found,4/30/2011,595
nec nisi,health,717.02,732,Apple,Maroon,7.27,error: Field 'length' not found,8/1/2016,596
a ipsum,sports,814.74,435,Apple,Red,7.02,error: Field 'length' not found,1/13/2019,597
maecenas,electronics,404.34,795,Nike,Fuscia,20.23,error: Field 'length' not found,3/10/2019,598
suscipit,food,668.24,567,Apple,Puce,63.66,error: Field 'length' not found,1/9/2015,599
ipsum primis,health,557.29,793,Samsung,Green,66.81,error: Field 'length' not found,5/24/2020,600
dictumst,food,185.3,999,Nike,Purple,26.93,error: Field 'length' not found,1/2/2017,601
vestibulum,beauty,353.96,772,Apple,Pink,48.72,error: Field 'length' not found,1/19/2019,602
ultrices,food,789.79,158,Samsung,Teal,91.79,error: Field 'length' not found,1/9/2022,603
rutrum at,automotive,897.1,882,Nike,Yellow,41.73,error: Field 'length' not found,5/28/2015,604
pretium iaculis,home decor,839.44,766,Nike,Maroon,9.81,error: Field 'length' not found,9/12/2010,605
in hac,beauty,647.25,101,Apple,Aquamarine,71.59,error: Field 'length' not found,3/4/2014,606
maecenas,home decor,413.49,118,Nike,Blue,79.62,error: Field 'length' not found,9/14/2012,607
vel enim,health,502.93,654,Nike,Maroon,59.28,error: Field 'length' not found,4/8/2021,608
vel,electronics,499.2,136,Nike,Blue,36.99,error: Field 'length' not found,12/13/2013,609
at lorem,toys,263.65,159,Apple,Turquoise,84.45,error: Field 'length' not found,12/13/2013,610
sapien varius,pets,648.61,701,Nike,Indigo,55.03,error: Field 'length' not found,10/19/2017,611
sapien,sports,359.88,144,Samsung,Crimson,13.54,error: Field 'length' not found,10/9/2011,612
rhoncus aliquam,electronics,269.76,429,Nike,Teal,93.9,error: Field 'length' not found,9/22/2017,613
a suscipit,pets,41.48,297,Nike,Red,6.47,error: Field 'length' not found,12/12/2019,614
magna,toys,216.36,634,Apple,Khaki,42.89,error: Field 'length' not found,11/15/2020,615
tellus,automotive,726.33,159,Nike,Yellow,18.46,error: Field 'length' not found,5/13/2012,616
tristique,automotive,386.45,79,Apple,Yellow,50.26,error: Field 'length' not found,2/5/2018,617
ut erat,automotive,449.51,219,Nike,Puce,19.12,error: Field 'length' not found,4/20/2018,618
duis aliquam,automotive,364.34,307,Nike,Turquoise,59.38,error: Field 'length' not found,1/11/2017,619
adipiscing,books,122.31,701,Nike,Crimson,25.76,error: Field 'length' not found,10/29/2022,620
cubilia curae,pets,955.39,830,Samsung,Pink,24.41,error: Field 'length' not found,12/25/2019,621
tristique tortor,books,96.48,776,Nike,Fuscia,94.1,error: Field 'length' not found,11/11/2016,622
dolor quis,food,30.06,474,Apple,Maroon,19.9,error: Field 'length' not found,7/22/2022,623
tellus,electronics,200.17,263,Nike,Puce,17.83,error: Field 'length' not found,9/7/2014,624
sit,books,935.9,389,Apple,Fuscia,64.82,error: Field 'length' not found,9/26/2022,625
dolor morbi,toys,554.23,998,Samsung,Indigo,69.54,error: Field 'length' not found,12/5/2010,626
eget eleifend,health,577.07,563,Samsung,Orange,18.81,error: Field 'length' not found,2/28/2022,627
ac,electronics,988.37,126,Apple,Crimson,60.07,error: Field 'length' not found,8/4/2020,628
vestibulum rutrum,home decor,547.19,295,Apple,Red,38.46,error: Field 'length' not found,3/9/2018,629
dolor,toys,239.21,421,Samsung,Pink,69.52,error: Field 'length' not found,11/24/2019,630
faucibus,sports,742.85,517,Apple,Turquoise,82.03,error: Field 'length' not found,1/18/2018,631
ac tellus,pets,909.95,310,Nike,Purple,83.59,error: Field 'length' not found,1/1/2010,632
nullam,food,202.49,749,Apple,Red,49.09,error: Field 'length' not found,7/22/2019,633
eget vulputate,beauty,940.61,902,Samsung,Turquoise,54.81,error: Field 'length' not found,3/23/2015,634
curae,pets,438.46,338,Apple,Turquoise,22.09,error: Field 'length' not found,9/14/2013,635
sapien arcu,home decor,892.9,878,Apple,Mauv,11.97,error: Field 'length' not found,12/16/2022,636
luctus,toys,384.58,782,Samsung,Khaki,83.54,error: Field 'length' not found,6/30/2014,637
tellus,home decor,511.01,828,Samsung,Red,16.45,error: Field 'length' not found,8/26/2013,638
mauris viverra,beauty,884.54,77,Samsung,Orange,13.78,error: Field 'length' not found,11/6/2011,639
velit eu,pets,407.19,29,Apple,Indigo,50.34,error: Field 'length' not found,6/28/2021,640
turpis,pets,955.75,305,Nike,Maroon,90.72,error: Field 'length' not found,1/16/2013,641
eget,home decor,631.82,616,Apple,Aquamarine,32.06,error: Field 'length' not found,3/24/2017,642
justo eu,clothing,181.15,884,Apple,Orange,18.77,error: Field 'length' not found,12/16/2020,643
tellus in,electronics,132.82,656,Nike,Red,72.26,error: Field 'length' not found,1/28/2015,644
augue,sports,808.59,67,Apple,Purple,67.99,error: Field 'length' not found,12/16/2010,645
mi integer,sports,889.84,892,Samsung,Fuscia,82.37,error: Field 'length' not found,4/30/2015,646
diam,beauty,390.16,184,Apple,Puce,31.67,error: Field 'length' not found,1/21/2016,647
et,toys,523.14,308,Samsung,Crimson,27.37,error: Field 'length' not found,10/7/2015,648
mattis egestas,toys,331.57,616,Nike,Turquoise,78.76,error: Field 'length' not found,12/1/2022,649
ultrices enim,food,188.85,982,Samsung,Aquamarine,29.2,error: Field 'length' not found,2/22/2021,650
ultrices posuere,toys,391.27,14,Samsung,Fuscia,29.6,error: Field 'length' not found,12/21/2010,651
dapibus dolor,pets,550,861,Apple,Violet,99.02,error: Field 'length' not found,3/27/2019,652
vulputate,pets,372.27,357,Samsung,Blue,62.51,error: Field 'length' not found,1/9/2014,653
id,home decor,628.58,517,Nike,Orange,30.74,error: Field 'length' not found,11/29/2021,654
proin risus,books,431.35,17,Nike,Khaki,52.02,error: Field 'length' not found,1/27/2012,655
massa tempor,automotive,371.55,948,Apple,Red,34.69,error: Field 'length' not found,9/21/2010,656
amet,automotive,19.44,383,Apple,Yellow,84.54,error: Field 'length' not found,9/18/2012,657
velit,electronics,606.74,614,Samsung,Yellow,44.75,error: Field 'length' not found,10/23/2015,658
a pede,pets,754.05,83,Apple,Teal,14.32,error: Field 'length' not found,8/23/2017,659
nullam,clothing,455.24,965,Samsung,Orange,20.87,error: Field 'length' not found,1/28/2012,660
purus sit,food,466.59,207,Nike,Violet,7.39,error: Field 'length' not found,10/20/2022,661
dui,food,651.97,701,Nike,Khaki,16.95,error: Field 'length' not found,8/22/2018,662
curae,clothing,609.7,945,Nike,Blue,59.69,error: Field 'length' not found,4/27/2013,663
felis,sports,774.7,992,Apple,Maroon,26.71,error: Field 'length' not found,10/3/2020,664
hac,toys,978.76,625,Apple,Puce,47.15,error: Field 'length' not found,2/2/2012,665
parturient montes,sports,195.9,699,Nike,Green,83.47,error: Field 'length' not found,8/3/2018,666
suscipit nulla,sports,242.84,273,Nike,Goldenrod,34.79,error: Field 'length' not found,11/19/2010,667
pede,home decor,311.5,303,Samsung,Aquamarine,52.43,error: Field 'length' not found,12/4/2013,668
vitae mattis,pets,791.63,112,Samsung,Maroon,47.7,error: Field 'length' not found,3/18/2011,669
augue luctus,automotive,656.8,378,Apple,Violet,78.56,error: Field 'length' not found,11/29/2019,670
id,clothing,639.69,749,Apple,Turquoise,38.83,error: Field 'length' not found,5/22/2019,671
sodales,clothing,937.04,654,Nike,Purple,41.4,error: Field 'length' not found,8/6/2018,672
at,automotive,665.34,111,Samsung,Khaki,7.06,error: Field 'length' not found,8/7/2018,673
odio,home decor,726.73,88,Apple,Aquamarine,70.55,error: Field 'length' not found,3/12/2011,674
nulla,food,888.51,703,Samsung,Teal,69.55,error: Field 'length' not found,2/19/2011,675
sed,home decor,294.7,825,Apple,Maroon,33.89,error: Field 'length' not found,7/26/2022,676
lobortis ligula,toys,9.49,865,Nike,Indigo,69.1,error: Field 'length' not found,7/16/2022,677
elit,books,226.89,969,Nike,Teal,82.37,error: Field 'length' not found,1/17/2017,678
primis,home decor,229.68,368,Apple,Purple,39.13,error: Field 'length' not found,9/8/2010,679
libero,food,240.95,177,Apple,Crimson,73.47,error: Field 'length' not found,1/8/2014,680
nulla,health,26.88,331,Apple,Violet,55.82,error: Field 'length' not found,7/7/2013,681
turpis enim,beauty,278.67,466,Samsung,Violet,21.01,error: Field 'length' not found,4/24/2014,682
metus aenean,pets,891.19,113,Apple,Indigo,65.48,error: Field 'length' not found,5/26/2016,683
id,health,739.04,609,Samsung,Teal,50.87,error: Field 'length' not found,7/21/2011,684
eros viverra,clothing,865.63,304,Samsung,Fuscia,92.85,error: Field 'length' not found,11/13/2020,685
adipiscing elit,books,424.35,133,Apple,Puce,20.96,error: Field 'length' not found,2/21/2018,686
mi pede,health,495.48,76,Apple,Goldenrod,25.65,error: Field 'length' not found,10/14/2018,687
mi nulla,electronics,859.7,112,Apple,Khaki,12.96,error: Field 'length' not found,9/21/2022,688
at feugiat,home decor,466.22,738,Samsung,Indigo,87.84,error: Field 'length' not found,7/31/2022,689
quam,sports,656.19,481,Nike,Purple,19.18,error: Field 'length' not found,7/3/2011,690
praesent blandit,electronics,601.76,682,Samsung,Blue,77.58,error: Field 'length' not found,2/17/2021,691
posuere,electronics,140.42,254,Nike,Crimson,9.93,error: Field 'length' not found,1/30/2019,692
eu mi,automotive,994.42,620,Samsung,Puce,71.15,error: Field 'length' not found,1/30/2016,693
eget,beauty,837.63,558,Samsung,Aquamarine,86.22,error: Field 'length' not found,2/27/2010,694
metus,pets,438.23,855,Nike,Mauv,43.69,error: Field 'length' not found,10/15/2011,695
nunc purus,clothing,890.9,889,Samsung,Violet,83.97,error: Field 'length' not found,4/24/2010,696
lacus curabitur,sports,373.65,324,Samsung,Mauv,65.12,error: Field 'length' not found,6/6/2020,697
in ante,home decor,617.05,113,Samsung,Indigo,10.35,error: Field 'length' not found,7/28/2014,698
sociis,books,43.72,820,Apple,Indigo,60.58,error: Field 'length' not found,9/17/2013,699
curae donec,electronics,202.41,373,Samsung,Yellow,99.76,error: Field 'length' not found,7/6/2014,700
convallis,electronics,799.87,853,Samsung,Violet,19.94,error: Field 'length' not found,7/12/2012,701
ultrices,electronics,250.09,633,Nike,Green,36.34,error: Field 'length' not found,4/20/2013,702
proin,pets,597.81,358,Samsung,Turquoise,49.09,error: Field 'length' not found,1/14/2021,703
sed augue,home decor,135.9,826,Apple,Teal,18.63,error: Field 'length' not found,3/28/2012,704
commodo vulputate,beauty,872.84,264,Samsung,Blue,47.01,error: Field 'length' not found,2/20/2021,705
amet,beauty,597.73,722,Samsung,Khaki,95.24,error: Field 'length' not found,9/5/2014,706
massa,pets,503.66,221,Nike,Pink,38.29,error: Field 'length' not found,1/4/2010,707
eu orci,clothing,597.32,574,Samsung,Purple,92.32,error: Field 'length' not found,4/1/2013,708
vestibulum ante,food,104.66,899,Nike,Orange,72.4,error: Field 'length' not found,4/13/2020,709
amet nunc,toys,691.58,367,Nike,Mauv,69.16,error: Field 'length' not found,6/13/2022,710
massa,home decor,948.48,739,Samsung,Fuscia,90.83,error: Field 'length' not found,1/11/2021,711
nunc,health,492.13,836,Apple,Purple,56.09,error: Field 'length' not found,10/6/2010,712
ut volutpat,pets,391.99,587,Samsung,Crimson,17.96,error: Field 'length' not found,3/18/2013,713
viverra,beauty,840.96,961,Nike,Blue,19.31,error: Field 'length' not found,12/28/2014,714
mattis,pets,489.45,763,Apple,Mauv,88.33,error: Field 'length' not found,6/27/2021,715
iaculis,beauty,800.39,113,Apple,Turquoise,63.98,error: Field 'length' not found,8/6/2018,716
potenti in,health,186.92,972,Samsung,Puce,3.37,error: Field 'length' not found,7/17/2012,717
eros,sports,396.8,526,Samsung,Turquoise,46.15,error: Field 'length' not found,3/6/2016,718
morbi ut,toys,607.6,200,Nike,Goldenrod,39.97,error: Field 'length' not found,9/15/2014,719
elit,sports,170.91,645,Apple,Goldenrod,88.29,error: Field 'length' not found,11/17/2018,720
dapibus nulla,books,307.45,669,Nike,Orange,91.48,error: Field 'length' not found,3/9/2017,721
viverra,books,839.1,776,Apple,Aquamarine,7.51,error: Field 'length' not found,6/8/2018,722
et,home decor,824.25,606,Nike,Khaki,24.41,error: Field 'length' not found,1/12/2022,723
luctus ultricies,toys,27.75,592,Samsung,Yellow,84.1,error: Field 'length' not found,1/7/2021,724
morbi sem,food,472.07,425,Nike,Purple,26.98,error: Field 'length' not found,6/13/2014,725
dictumst,books,377.3,240,Samsung,Green,1.25,error: Field 'length' not found,8/10/2022,726
orci pede,health,37.19,74,Samsung,Orange,43.27,error: Field 'length' not found,10/24/2016,727
molestie,sports,710.13,928,Nike,Khaki,6.82,error: Field 'length' not found,10/11/2014,728
praesent lectus,toys,993.76,147,Apple,Puce,69.99,error: Field 'length' not found,11/1/2021,729
consequat in,automotive,686.59,388,Apple,Turquoise,48.96,error: Field 'length' not found,10/24/2011,730
velit donec,books,355.6,67,Apple,Aquamarine,29.59,error: Field 'length' not found,9/22/2017,731
enim in,health,637.4,900,Nike,Fuscia,78.74,error: Field 'length' not found,11/16/2018,732
id,electronics,333.98,538,Apple,Indigo,34.86,error: Field 'length' not found,5/5/2012,733
vestibulum,electronics,622.56,995,Apple,Puce,32.46,error: Field 'length' not found,3/15/2010,734
lorem integer,automotive,123.27,584,Apple,Aquamarine,33.41,error: Field 'length' not found,1/5/2018,735
elementum pellentesque,beauty,250.14,252,Apple,Goldenrod,81.18,error: Field 'length' not found,3/2/2020,736
morbi vestibulum,automotive,386.34,522,Samsung,Turquoise,36.66,error: Field 'length' not found,11/24/2021,737
nulla sed,electronics,404.27,568,Apple,Aquamarine,20.2,error: Field 'length' not found,4/20/2020,738
nulla tempus,sports,993.22,157,Samsung,Aquamarine,78.75,error: Field 'length' not found,11/18/2021,739
condimentum,books,393.46,920,Nike,Crimson,9.18,error: Field 'length' not found,12/24/2019,740
at,home decor,723.3,798,Nike,Turquoise,11.28,error: Field 'length' not found,1/30/2018,741
tortor,home decor,471.26,511,Nike,Violet,31.83,error: Field 'length' not found,11/15/2017,742
nulla sed,electronics,242.58,146,Nike,Puce,15.38,error: Field 'length' not found,6/3/2021,743
mattis,pets,523.64,346,Samsung,Maroon,8.16,error: Field 'length' not found,10/5/2018,744
ut ultrices,clothing,632.03,698,Apple,Crimson,62.16,error: Field 'length' not found,7/3/2011,745
blandit nam,beauty,489.2,191,Nike,Orange,4.32,error: Field 'length' not found,12/13/2020,746
odio cras,pets,711.98,122,Nike,Maroon,40.3,error: Field 'length' not found,8/16/2021,747
suscipit nulla,automotive,871.68,386,Nike,Red,99.12,error: Field 'length' not found,8/20/2019,748
nisl,automotive,6.42,148,Samsung,Teal,86.74,error: Field 'length' not found,9/7/2021,749
mauris,books,293.6,460,Samsung,Fuscia,1.58,error: Field 'length' not found,6/22/2017,750
rhoncus,food,26.45,198,Apple,Indigo,13.01,error: Field 'length' not found,11/15/2020,751
non quam,home decor,424.64,301,Nike,Maroon,42.79,error: Field 'length' not found,4/4/2022,752
luctus,beauty,319.82,976,Samsung,Goldenrod,69.06,error: Field 'length' not found,11/23/2019,753
bibendum,pets,499.95,841,Nike,Teal,77.15,error: Field 'length' not found,1/26/2020,754
pellentesque viverra,sports,306.75,950,Samsung,Maroon,44.37,error: Field 'length' not found,12/12/2016,755
eu,beauty,57.92,391,Samsung,Green,40.66,error: Field 'length' not found,12/14/2021,756
suspendisse potenti,electronics,484.78,301,Nike,Violet,86.4,error: Field 'length' not found,1/1/2010,757
eget congue,food,67.39,335,Nike,Crimson,16.41,error: Field 'length' not found,2/13/2014,758
ante ipsum,automotive,916.72,545,Samsung,Violet,23.38,error: Field 'length' not found,11/26/2015,759
est,automotive,966.29,903,Apple,Aquamarine,47.92,error: Field 'length' not found,2/17/2022,760
purus,books,239.04,28,Apple,Purple,86.66,error: Field 'length' not found,10/24/2018,761
congue,clothing,680.4,768,Samsung,Puce,16.19,error: Field 'length' not found,3/9/2017,762
ante,toys,9.91,869,Nike,Goldenrod,82.41,error: Field 'length' not found,5/2/2012,763
in,sports,449.67,757,Nike,Green,78.97,error: Field 'length' not found,10/9/2016,764
faucibus accumsan,sports,965.1,796,Apple,Puce,35.46,error: Field 'length' not found,1/20/2011,765
ante,beauty,897.27,971,Nike,Pink,92.28,error: Field 'length' not found,7/4/2021,766
luctus,food,749.06,761,Samsung,Green,2.59,error: Field 'length' not found,3/24/2018,767
lobortis convallis,clothing,232.46,409,Apple,Green,54.09,error: Field 'length' not found,12/27/2021,768
nisl ut,toys,506.68,455,Nike,Puce,13.33,error: Field 'length' not found,11/26/2010,769
lobortis vel,sports,833.47,856,Apple,Aquamarine,46.45,error: Field 'length' not found,12/30/2019,770
eu,electronics,694.55,629,Samsung,Purple,87.19,error: Field 'length' not found,5/29/2010,771
erat volutpat,electronics,943.83,966,Nike,Indigo,60.9,error: Field 'length' not found,7/16/2010,772
congue,sports,748.59,879,Apple,Pink,80.61,error: Field 'length' not found,3/29/2022,773
lectus,electronics,878.09,745,Apple,Orange,82.75,error: Field 'length' not found,8/13/2018,774
eleifend luctus,clothing,365.67,760,Nike,Khaki,13.1,error: Field 'length' not found,11/27/2017,775
in lectus,food,168.22,296,Samsung,Violet,35.04,error: Field 'length' not found,7/9/2016,776
in,pets,591.69,104,Nike,Pink,75.75,error: Field 'length' not found,1/14/2018,777
leo rhoncus,home decor,752.53,237,Nike,Violet,62.63,error: Field 'length' not found,3/4/2011,778
erat,books,971.6,919,Samsung,Blue,26.5,error: Field 'length' not found,4/8/2010,779
lorem,automotive,446.25,767,Samsung,Orange,24.35,error: Field 'length' not found,9/10/2018,780
magnis dis,books,683.39,97,Apple,Purple,45.07,error: Field 'length' not found,10/11/2011,781
vitae,health,998.17,979,Samsung,Yellow,59.91,error: Field 'length' not found,5/8/2016,782
vitae nisi,home decor,532.48,199,Nike,Crimson,47.39,error: Field 'length' not found,10/12/2016,783
at ipsum,electronics,722.76,196,Samsung,Aquamarine,51.9,error: Field 'length' not found,6/10/2016,784
diam id,sports,628.95,403,Nike,Blue,79.15,error: Field 'length' not found,8/7/2011,785
a,clothing,948.38,186,Apple,Mauv,30.33,error: Field 'length' not found,10/4/2010,786
eros,beauty,469.48,746,Samsung,Aquamarine,62.83,error: Field 'length' not found,5/4/2013,787
adipiscing molestie,health,999.58,58,Nike,Orange,94.3,error: Field 'length' not found,11/28/2016,788
ut,automotive,879.56,251,Nike,Mauv,93.94,error: Field 'length' not found,10/5/2012,789
curabitur in,beauty,581.08,402,Nike,Pink,47.05,error: Field 'length' not found,9/13/2017,790
justo,beauty,100.94,235,Samsung,Turquoise,31.16,error: Field 'length' not found,10/11/2018,791
ligula suspendisse,pets,499.54,869,Apple,Crimson,79.16,error: Field 'length' not found,7/14/2013,792
auctor,toys,526.83,315,Nike,Turquoise,37.21,error: Field 'length' not found,4/1/2015,793
mi,food,375.57,713,Apple,Blue,37.45,error: Field 'length' not found,7/1/2017,794
nulla facilisi,automotive,917.79,828,Samsung,Pink,68.28,error: Field 'length' not found,9/24/2014,795
convallis nunc,electronics,489.44,541,Apple,Fuscia,9.94,error: Field 'length' not found,10/2/2013,796
augue,automotive,228.1,471,Nike,Turquoise,31.93,error: Field 'length' not found,12/1/2021,797
montes nascetur,home decor,133.36,702,Apple,Crimson,95.05,error: Field 'length' not found,8/8/2016,798
consequat lectus,sports,16.82,6,Apple,Aquamarine,50.77,error: Field 'length' not found,12/25/2019,799
sed,electronics,774.29,896,Samsung,Teal,87.08,error: Field 'length' not found,12/16/2013,800
tortor id,sports,253.29,232,Samsung,Indigo,47.83,error: Field 'length' not found,6/13/2010,801
sit,toys,826.59,224,Apple,Mauv,54.15,error: Field 'length' not found,7/25/2019,802
ut massa,books,397.26,968,Nike,Teal,76.02,error: Field 'length' not found,6/24/2018,803
in,electronics,661.93,336,Samsung,Fuscia,36.8,error: Field 'length' not found,5/22/2016,804
convallis,automotive,439.83,440,Apple,Teal,3.48,error: Field 'length' not found,7/23/2010,805
non lectus,health,244.19,989,Samsung,Fuscia,44.02,error: Field 'length' not found,3/7/2014,806
amet consectetuer,electronics,327.95,821,Apple,Maroon,44.17,error: Field 'length' not found,8/31/2017,807
maecenas,beauty,677.85,798,Samsung,Orange,23.46,error: Field 'length' not found,1/14/2012,808
platea,books,260.96,390,Apple,Pink,24.46,error: Field 'length' not found,1/19/2011,809
at,health,913.3,141,Apple,Red,74.88,error: Field 'length' not found,1/16/2020,810
id sapien,books,670.81,17,Apple,Puce,84.44,error: Field 'length' not found,3/6/2013,811
cras,sports,298.33,562,Apple,Turquoise,98.56,error: Field 'length' not found,12/1/2010,812
odio,automotive,210.66,687,Samsung,Purple,65.88,error: Field 'length' not found,1/25/2019,813
mattis egestas,sports,993.54,960,Samsung,Red,96.8,error: Field 'length' not found,3/8/2014,814
luctus,electronics,319.88,278,Samsung,Crimson,74.23,error: Field 'length' not found,6/29/2011,815
luctus tincidunt,health,24.53,429,Apple,Blue,74.61,error: Field 'length' not found,3/3/2020,816
etiam,electronics,948.49,904,Nike,Violet,69.02,error: Field 'length' not found,6/24/2013,817
tempus semper,toys,464.41,379,Samsung,Puce,98.52,error: Field 'length' not found,6/17/2012,818
ipsum dolor,clothing,656.69,583,Apple,Orange,82.48,error: Field 'length' not found,1/15/2022,819
erat curabitur,automotive,292.69,407,Samsung,Red,45.28,error: Field 'length' not found,12/29/2016,820
rutrum nulla,food,438.4,746,Samsung,Fuscia,88.31,error: Field 'length' not found,9/16/2014,821
phasellus in,health,291.04,61,Nike,Puce,5.52,error: Field 'length' not found,6/29/2018,822
id,pets,98.81,240,Nike,Crimson,37.73,error: Field 'length' not found,8/19/2020,823
eget eleifend,sports,172.63,638,Nike,Blue,10.39,error: Field 'length' not found,1/29/2022,824
justo pellentesque,beauty,388.16,648,Apple,Teal,98.9,error: Field 'length' not found,5/22/2010,825
orci,toys,977.46,438,Samsung,Khaki,14.6,error: Field 'length' not found,12/8/2020,826
justo in,books,174.27,634,Apple,Mauv,78.29,error: Field 'length' not found,11/10/2010,827
at velit,beauty,914.87,35,Samsung,Maroon,60.03,error: Field 'length' not found,3/7/2011,828
nibh in,electronics,386.24,944,Apple,Aquamarine,63.47,error: Field 'length' not found,3/9/2013,829
etiam,automotive,714.92,678,Nike,Red,11.79,error: Field 'length' not found,11/20/2022,830
rhoncus sed,clothing,756.44,700,Nike,Violet,36.68,error: Field 'length' not found,3/22/2021,831
maecenas ut,beauty,783.65,186,Apple,Pink,69.12,error: Field 'length' not found,8/3/2018,832
venenatis turpis,pets,752.69,351,Samsung,Red,79.17,error: Field 'length' not found,7/11/2011,833
vitae,health,700.26,980,Apple,Maroon,87.4,error: Field 'length' not found,5/14/2012,834
ut,sports,924.14,239,Samsung,Turquoise,36.74,error: Field 'length' not found,2/26/2016,835
vel,electronics,686.56,476,Apple,Red,75.72,error: Field 'length' not found,10/4/2011,836
massa,beauty,52.75,477,Nike,Blue,22.08,error: Field 'length' not found,6/4/2019,837
in imperdiet,sports,381.86,676,Samsung,Maroon,93.98,error: Field 'length' not found,5/30/2018,838
erat curabitur,beauty,603.64,885,Apple,Indigo,23.16,error: Field 'length' not found,7/2/2021,839
potenti cras,pets,796.95,611,Apple,Orange,64.8,error: Field 'length' not found,1/29/2022,840
libero nullam,food,290.61,538,Nike,Turquoise,76.53,error: Field 'length' not found,7/31/2016,841
curae,food,287.08,171,Nike,Fuscia,66.83,error: Field 'length' not found,3/8/2012,842
dui,clothing,549.31,607,Nike,Indigo,83.19,error: Field 'length' not found,6/11/2019,843
euismod scelerisque,electronics,6.71,599,Nike,Green,47.72,error: Field 'length' not found,2/23/2013,844
maecenas,clothing,255.92,687,Samsung,Khaki,62.43,error: Field 'length' not found,7/20/2015,845
blandit non,clothing,805.08,319,Nike,Goldenrod,84.45,error: Field 'length' not found,9/22/2017,846
vel dapibus,food,116.34,420,Apple,Crimson,96.63,error: Field 'length' not found,8/14/2014,847
enim lorem,home decor,820.49,339,Apple,Violet,36.89,error: Field 'length' not found,9/14/2020,848
sapien dignissim,clothing,452.57,550,Apple,Mauv,25.61,error: Field 'length' not found,10/5/2020,849
aenean fermentum,food,223.54,59,Samsung,Orange,5.64,error: Field 'length' not found,10/21/2014,850
vestibulum,beauty,852.46,937,Samsung,Blue,61.59,error: Field 'length' not found,5/1/2018,851
convallis eget,automotive,579.8,813,Apple,Puce,11.25,error: Field 'length' not found,7/16/2021,852
in est,toys,90.34,139,Apple,Maroon,88.95,error: Field 'length' not found,7/24/2012,853
eu sapien,food,837.71,989,Apple,Blue,23.51,error: Field 'length' not found,3/20/2018,854
porttitor pede,food,571.15,141,Apple,Violet,19.88,error: Field 'length' not found,4/10/2020,855
est,electronics,549.09,546,Samsung,Blue,70.27,error: Field 'length' not found,8/22/2016,856
vel nisl,clothing,718.28,72,Apple,Puce,11.17,error: Field 'length' not found,6/19/2018,857
platea,food,19.31,603,Apple,Crimson,87.01,error: Field 'length' not found,6/16/2011,858
sed tincidunt,electronics,433.23,936,Nike,Fuscia,68.47,error: Field 'length' not found,3/7/2019,859
rutrum,health,739.44,664,Nike,Turquoise,27.39,error: Field 'length' not found,2/25/2017,860
a,health,653.35,570,Samsung,Green,58.53,error: Field 'length' not found,12/11/2011,861
ultrices posuere,health,766.58,88,Nike,Crimson,52.58,error: Field 'length' not found,8/11/2015,862
amet,books,205.31,250,Nike,Goldenrod,45.81,error: Field 'length' not found,7/20/2020,863
condimentum,sports,213.69,135,Samsung,Aquamarine,53.36,error: Field 'length' not found,10/16/2014,864
velit,beauty,138.35,224,Apple,Purple,57.32,error: Field 'length' not found,12/25/2011,865
tempus sit,food,680.4,42,Apple,Mauv,64.06,error: Field 'length' not found,9/18/2019,866
aenean,health,116.2,760,Apple,Mauv,4.01,error: Field 'length' not found,4/6/2018,867
ante ipsum,sports,58.22,604,Samsung,Mauv,12.06,error: Field 'length' not found,5/21/2016,868
dolor vel,automotive,211.07,274,Nike,Indigo,11.95,error: Field 'length' not found,2/18/2012,869
ac,books,293.14,259,Apple,Indigo,54.52,error: Field 'length' not found,1/28/2018,870
in,books,562.95,670,Samsung,Puce,43.33,error: Field 'length' not found,10/4/2020,871
arcu adipiscing,toys,224.85,45,Apple,Yellow,69.43,error: Field 'length' not found,8/29/2012,872
ligula sit,electronics,389.74,741,Nike,Khaki,12.2,error: Field 'length' not found,11/26/2010,873
eget tempus,automotive,205.47,110,Nike,Green,91.62,error: Field 'length' not found,2/4/2015,874
vivamus vel,home decor,967.74,637,Nike,Mauv,20.37,error: Field 'length' not found,6/14/2022,875
libero rutrum,home decor,470.23,888,Apple,Mauv,88.06,error: Field 'length' not found,9/30/2018,876
mauris lacinia,electronics,60,449,Nike,Aquamarine,12.83,error: Field 'length' not found,7/9/2011,877
elit proin,pets,551.6,527,Samsung,Red,59.29,error: Field 'length' not found,5/29/2012,878
enim leo,sports,25.03,380,Samsung,Red,68.88,error: Field 'length' not found,4/30/2018,879
aliquet,sports,330.61,301,Samsung,Orange,24.76,error: Field 'length' not found,1/18/2022,880
nulla,electronics,760.84,72,Apple,Turquoise,13.96,error: Field 'length' not found,3/5/2014,881
nisi volutpat,food,376.81,271,Apple,Orange,64.64,error: Field 'length' not found,3/12/2012,882
metus arcu,health,67.7,947,Apple,Red,56.31,error: Field 'length' not found,7/18/2016,883
ut nulla,books,998.08,418,Samsung,Red,97.66,error: Field 'length' not found,3/2/2021,884
commodo placerat,books,846.18,360,Samsung,Maroon,50.55,error: Field 'length' not found,8/26/2013,885
eu magna,sports,303.52,807,Samsung,Violet,80.64,error: Field 'length' not found,3/11/2013,886
ornare imperdiet,home decor,507.03,546,Samsung,Maroon,8.29,error: Field 'length' not found,7/20/2012,887
posuere,health,672.43,442,Samsung,Crimson,89.9,error: Field 'length' not found,5/30/2020,888
dapibus duis,electronics,302.22,455,Samsung,Crimson,80.84,error: Field 'length' not found,12/4/2016,889
erat,electronics,323.48,68,Samsung,Blue,71.63,error: Field 'length' not found,12/2/2013,890
et,automotive,132.46,210,Samsung,Blue,44.81,error: Field 'length' not found,4/7/2017,891
nullam porttitor,food,76.7,813,Nike,Yellow,66.58,error: Field 'length' not found,3/27/2012,892
in,automotive,0.34,51,Apple,Violet,45.84,error: Field 'length' not found,8/20/2014,893
facilisi cras,food,177.54,715,Samsung,Maroon,29.6,error: Field 'length' not found,3/23/2021,894
dapibus nulla,home decor,989.89,469,Nike,Mauv,62.34,error: Field 'length' not found,8/1/2022,895
mi,books,819.71,493,Samsung,Khaki,79.72,error: Field 'length' not found,8/22/2022,896
convallis morbi,health,466.25,85,Nike,Teal,76.96,error: Field 'length' not found,10/31/2014,897
odio,home decor,999.52,807,Samsung,Fuscia,48.5,error: Field 'length' not found,3/23/2015,898
eget congue,home decor,804.1,146,Samsung,Khaki,52.99,error: Field 'length' not found,7/25/2016,899
turpis a,home decor,714.01,182,Apple,Green,55.06,error: Field 'length' not found,1/6/2013,900
donec,books,51.79,34,Samsung,Mauv,23.8,error: Field 'length' not found,2/20/2013,901
at velit,sports,862,250,Nike,Mauv,63.36,error: Field 'length' not found,6/27/2022,902
sem sed,home decor,847.97,970,Apple,Fuscia,43.67,error: Field 'length' not found,2/1/2010,903
eget congue,electronics,691.78,202,Nike,Blue,7.65,error: Field 'length' not found,10/3/2010,904
libero,beauty,848.69,850,Samsung,Aquamarine,19.8,error: Field 'length' not found,8/6/2016,905
eget elit,home decor,405.5,498,Nike,Yellow,44.07,error: Field 'length' not found,4/22/2017,906
mauris,home decor,274.82,298,Apple,Khaki,56.52,error: Field 'length' not found,1/1/2012,907
morbi,books,613.29,813,Apple,Blue,44.82,error: Field 'length' not found,7/30/2016,908
non velit,clothing,653.02,281,Apple,Yellow,37.06,error: Field 'length' not found,9/24/2011,909
neque aenean,toys,799.16,677,Nike,Puce,77,error: Field 'length' not found,4/25/2011,910
condimentum,sports,339.79,753,Nike,Yellow,47.04,error: Field 'length' not found,6/2/2018,911
in,home decor,399.83,588,Nike,Teal,94.47,error: Field 'length' not found,3/1/2012,912
consequat,pets,542.34,116,Nike,Puce,96.63,error: Field 'length' not found,8/16/2010,913
ac tellus,clothing,323.6,326,Nike,Maroon,16.68,error: Field 'length' not found,7/20/2017,914
dui,beauty,446.98,373,Apple,Violet,94.42,error: Field 'length' not found,8/25/2016,915
donec ut,health,282.84,349,Apple,Crimson,62.45,error: Field 'length' not found,8/3/2015,916
posuere,home decor,144.5,192,Nike,Teal,9.87,error: Field 'length' not found,10/7/2017,917
eu pede,food,826.31,854,Samsung,Yellow,21.42,error: Field 'length' not found,8/14/2014,918
vitae,sports,665.48,599,Apple,Mauv,46.36,error: Field 'length' not found,2/13/2011,919
non,food,886.2,233,Apple,Pink,19.11,error: Field 'length' not found,3/18/2011,920
dui,sports,777.79,736,Apple,Orange,32.33,error: Field 'length' not found,6/30/2019,921
odio,automotive,246.5,226,Samsung,Indigo,58.58,error: Field 'length' not found,11/15/2013,922
ac,pets,331.7,850,Nike,Maroon,68.46,error: Field 'length' not found,9/27/2012,923
dapibus,home decor,628.1,111,Apple,Teal,59.81,error: Field 'length' not found,2/27/2016,924
tristique tortor,clothing,711.96,494,Nike,Yellow,34.71,error: Field 'length' not found,2/22/2012,925
pede venenatis,toys,670.65,963,Nike,Teal,45.2,error: Field 'length' not found,9/19/2015,926
vestibulum,sports,226.74,232,Samsung,Blue,78.35,error: Field 'length' not found,1/22/2017,927
pede libero,pets,906.22,360,Nike,Puce,65.28,error: Field 'length' not found,12/1/2011,928
platea dictumst,beauty,252.69,110,Nike,Aquamarine,78.28,error: Field 'length' not found,5/22/2016,929
amet cursus,beauty,402.73,120,Nike,Violet,61.93,error: Field 'length' not found,4/26/2019,930
curabitur in,automotive,191.01,465,Nike,Yellow,14.44,error: Field 'length' not found,8/29/2022,931
nunc,toys,561.47,713,Samsung,Crimson,14.5,error: Field 'length' not found,8/2/2021,932
nisi,pets,104.02,434,Samsung,Green,27.08,error: Field 'length' not found,7/12/2010,933
sapien,pets,249.52,800,Apple,Maroon,29.7,error: Field 'length' not found,3/25/2022,934
vel augue,electronics,922.02,237,Samsung,Crimson,3.36,error: Field 'length' not found,4/7/2012,935
ultrices,health,861.19,488,Nike,Violet,29.37,error: Field 'length' not found,11/14/2015,936
ligula,pets,992.71,818,Samsung,Fuscia,84.77,error: Field 'length' not found,8/12/2010,937
auctor sed,toys,543.29,435,Nike,Khaki,26.25,error: Field 'length' not found,11/26/2020,938
augue,home decor,501.24,909,Apple,Puce,50.87,error: Field 'length' not found,1/13/2011,939
purus phasellus,automotive,731.36,167,Apple,Maroon,17.79,error: Field 'length' not found,4/15/2021,940
venenatis,sports,508.83,168,Nike,Green,13.46,error: Field 'length' not found,12/31/2021,941
porta volutpat,beauty,728.21,145,Nike,Red,96.18,error: Field 'length' not found,4/22/2020,942
in felis,clothing,231.25,160,Apple,Crimson,28.96,error: Field 'length' not found,2/14/2015,943
nulla,automotive,440.92,75,Nike,Indigo,34.91,error: Field 'length' not found,10/22/2019,944
in,health,880.27,568,Samsung,Red,15.49,error: Field 'length' not found,1/16/2012,945
interdum,sports,575.76,158,Apple,Orange,42.36,error: Field 'length' not found,4/15/2016,946
blandit nam,home decor,699.28,841,Apple,Blue,71.71,error: Field 'length' not found,2/14/2017,947
nibh,beauty,210.9,293,Samsung,Mauv,54.97,error: Field 'length' not found,2/25/2012,948
malesuada,books,508.21,390,Apple,Purple,99.12,error: Field 'length' not found,8/25/2010,949
volutpat convallis,sports,715.97,246,Apple,Blue,23.32,error: Field 'length' not found,3/8/2021,950
mauris,automotive,52.96,163,Samsung,Violet,87.36,error: Field 'length' not found,7/13/2017,951
lacinia,electronics,33.18,932,Apple,Indigo,48.34,error: Field 'length' not found,10/23/2021,952
id massa,sports,698.03,899,Nike,Turquoise,17.04,error: Field 'length' not found,10/21/2011,953
nulla suspendisse,food,168.91,418,Apple,Teal,39.34,error: Field 'length' not found,10/30/2021,954
vel,pets,840.04,727,Apple,Purple,31.82,error: Field 'length' not found,7/13/2021,955
posuere cubilia,pets,387.59,162,Apple,Violet,64.04,error: Field 'length' not found,9/18/2016,956
convallis nulla,pets,565.67,730,Nike,Maroon,81.89,error: Field 'length' not found,3/9/2013,957
interdum mauris,pets,270.68,255,Apple,Turquoise,3.43,error: Field 'length' not found,8/23/2013,958
in consequat,books,266.93,278,Apple,Maroon,73.89,error: Field 'length' not found,1/18/2019,959
donec,beauty,830.19,462,Nike,Purple,14.01,error: Field 'length' not found,5/1/2011,960
lacus morbi,home decor,771.3,981,Apple,Turquoise,40.08,error: Field 'length' not found,3/29/2013,961
sagittis dui,clothing,613.06,802,Apple,Pink,62.34,error: Field 'length' not found,7/18/2010,962
non,clothing,156.68,685,Samsung,Khaki,55.91,error: Field 'length' not found,7/5/2020,963
risus,sports,851.72,676,Nike,Mauv,0.41,error: Field 'length' not found,1/27/2019,964
sapien,books,809.39,519,Apple,Maroon,23.8,error: Field 'length' not found,4/25/2012,965
nullam porttitor,toys,907.15,139,Nike,Fuscia,36.38,error: Field 'length' not found,10/9/2017,966
turpis integer,automotive,30.55,732,Nike,Pink,29.77,error: Field 'length' not found,12/6/2019,967
eleifend,food,337.76,91,Samsung,Puce,48.78,error: Field 'length' not found,5/3/2017,968
eu,beauty,575.3,512,Apple,Aquamarine,45.45,error: Field 'length' not found,12/15/2010,969
suspendisse accumsan,electronics,618.92,144,Samsung,Turquoise,48.22,error: Field 'length' not found,3/11/2013,970
vehicula consequat,books,365.3,465,Samsung,Turquoise,40.89,error: Field 'length' not found,1/21/2014,971
iaculis congue,home decor,2.91,324,Samsung,Red,52.17,error: Field 'length' not found,1/22/2011,972
erat,sports,508.4,654,Nike,Green,62.95,error: Field 'length' not found,11/23/2017,973
etiam pretium,beauty,792.24,812,Samsung,Orange,27.15,error: Field 'length' not found,3/30/2018,974
leo,pets,3.29,687,Nike,Aquamarine,61.73,error: Field 'length' not found,1/23/2020,975
convallis,home decor,692.88,138,Nike,Puce,82.45,error: Field 'length' not found,6/15/2012,976
blandit,sports,265.71,367,Apple,Teal,27.47,error: Field 'length' not found,4/22/2022,977
rhoncus,food,272.37,403,Samsung,Green,74.71,error: Field 'length' not found,11/4/2015,978
ut,electronics,778.3,73,Samsung,Aquamarine,12.95,error: Field 'length' not found,6/24/2016,979
potenti cras,electronics,863.04,189,Nike,Orange,71.8,error: Field 'length' not found,5/31/2020,980
ultrices,electronics,13.37,87,Samsung,Crimson,32.31,error: Field 'length' not found,3/5/2022,981
ac,clothing,981.03,123,Apple,Maroon,51.75,error: Field 'length' not found,9/19/2010,982
nam,books,441.51,737,Apple,Orange,33.27,error: Field 'length' not found,1/29/2019,983
in lacus,books,756.58,466,Apple,Yellow,68.11,error: Field 'length' not found,6/27/2019,984
libero non,food,776.97,537,Nike,Puce,55.84,error: Field 'length' not found,9/10/2018,985
nam,clothing,862,551,Nike,Goldenrod,83.77,error: Field 'length' not found,10/13/2021,986
pede venenatis,toys,807.66,809,Samsung,Pink,53.25,error: Field 'length' not found,1/27/2015,987
phasellus sit,sports,539.42,716,Nike,Purple,49.66,error: Field 'length' not found,4/12/2019,988
amet,pets,562.74,872,Apple,Orange,10.91,error: Field 'length' not found,11/10/2020,989
vel lectus,health,292.42,318,Nike,Indigo,72.4,error: Field 'length' not found,5/28/2013,990
ante ipsum,automotive,968.75,180,Samsung,Fuscia,52.97,error: Field 'length' not found,9/18/2022,991
tempor convallis,automotive,65.15,10,Apple,Red,65.67,error: Field 'length' not found,7/12/2019,992
imperdiet sapien,home decor,260.4,746,Nike,Violet,21.4,error: Field 'length' not found,2/14/2022,993
in eleifend,toys,781.79,230,Samsung,Crimson,88.3,error: Field 'length' not found,3/28/2016,994
pharetra,automotive,835.53,983,Apple,Goldenrod,62.82,error: Field 'length' not found,7/5/2019,995
suscipit,home decor,636.28,98,Nike,Indigo,67.09,error: Field 'length' not found,4/6/2010,996
pellentesque,toys,406.86,507,Apple,Violet,48.3,error: Field 'length' not found,7/18/2022,997
facilisi cras,beauty,832.44,293,Samsung,Khaki,42.81,error: Field 'length' not found,5/31/2016,998
sapien in,toys,566.66,417,Apple,Yellow,69.9,error: Field 'length' not found,5/9/2012,999
rhoncus aliquam,pets,563.76,183,Nike,Mauv,62.82,error: Field 'length' not found,2/9/2011,1000
