transaction_id,customer_id,product_id,quantity,price,transaction_date,payment_method,shipping_address,order_status,discount_code
1,1,1,20,811.77,11/30/2021,PayPal,662 International Avenue,delivered,SAVE10
2,2,2,24,293.85,4/7/2021,PayPal,17 Grayhawk Plaza,delivered,FALL25
3,3,3,65,879.7,11/19/2020,PayPal,645 Thackeray Road,delivered,SUMMER20
4,4,4,35,756.46,2/7/2021,debit card,045 Mosinee Junction,pending,FALL25
5,5,5,76,743.64,11/9/2021,debit card,49 Truax Terrace,delivered,FALL25
6,6,6,38,263.01,4/9/2021,debit card,2010 Harper Way,shipped,SAVE10
7,7,7,48,94.76,7/12/2022,credit card,929 5th Avenue,delivered,SAVE10
8,8,8,90,451.73,9/16/2020,debit card,0530 Schiller Park,pending,SUMMER20
9,9,9,50,758.35,10/1/2021,credit card,03913 Helena Center,pending,SAVE10
10,10,10,66,975.2,8/12/2020,PayPal,6201 Jay Crossing,processing,SAVE10
11,11,11,72,231.28,8/4/2022,PayPal,0185 Sutteridge Point,shipped,SUMMER20
12,12,12,63,854.99,9/17/2022,credit card,447 Delladonna Center,processing,SUMMER20
13,13,13,89,489.9,2/11/2021,credit card,13 Mcguire Parkway,delivered,FALL25
14,14,14,55,418.78,2/28/2022,PayPal,5924 Springview Park,delivered,SUMMER20
15,15,15,60,185.71,9/10/2020,PayPal,6965 Oneill Trail,processing,SUMMER20
16,16,16,11,106.3,1/29/2022,PayPal,311 Gale Trail,processing,FALL25
17,17,17,33,803.9,4/6/2020,PayPal,14882 Lukken Lane,delivered,SUMMER20
18,18,18,62,637.41,9/12/2022,PayPal,88 Melby Lane,delivered,SAVE10
19,19,19,54,53.13,7/13/2021,credit card,070 Ridgeview Lane,delivered,SAVE10
20,20,20,3,679.54,4/21/2021,PayPal,50 Mallard Park,shipped,SUMMER20
21,21,21,8,809.19,8/20/2021,debit card,076 Susan Trail,delivered,FALL25
22,22,22,10,818.46,1/10/2020,credit card,5631 Packers Avenue,shipped,SUMMER20
23,23,23,3,626.96,4/14/2022,credit card,06 Straubel Plaza,pending,FALL25
24,24,24,1,218.62,8/14/2021,debit card,56000 Fairview Lane,pending,SAVE10
25,25,25,7,954.4,5/19/2021,PayPal,98 Heath Drive,processing,SAVE10
26,26,26,31,261.52,3/21/2020,debit card,76 Aberg Parkway,delivered,SUMMER20
27,27,27,23,26.4,11/5/2022,credit card,3 Colorado Center,shipped,FALL25
28,28,28,64,265.78,11/4/2021,PayPal,37 Hovde Road,processing,SAVE10
29,29,29,89,866.39,2/2/2022,credit card,0 East Pass,shipped,FALL25
30,30,30,2,518.38,11/22/2020,PayPal,45 Eggendart Center,pending,SUMMER20
31,31,31,11,309.06,11/28/2020,credit card,31444 Manufacturers Place,shipped,SAVE10
32,32,32,78,551.39,12/3/2022,credit card,69 Del Mar Point,shipped,SUMMER20
33,33,33,14,942.42,5/1/2020,debit card,2154 Calypso Circle,delivered,SAVE10
34,34,34,59,908.59,6/19/2022,debit card,34 Moland Lane,shipped,SAVE10
35,35,35,38,462.02,2/2/2021,debit card,57 Hudson Street,shipped,SUMMER20
36,36,36,96,316.95,11/17/2022,PayPal,02 Everett Trail,shipped,SUMMER20
37,37,37,37,989.39,7/11/2020,credit card,11528 Hanson Alley,pending,FALL25
38,38,38,68,430.38,1/13/2022,credit card,93195 Hagan Parkway,pending,FALL25
39,39,39,75,90.39,6/20/2020,credit card,53944 Gale Street,shipped,SAVE10
40,40,40,13,241.6,6/8/2021,debit card,912 Pawling Road,delivered,SAVE10
41,41,41,91,61.18,9/4/2022,debit card,0503 Troy Circle,shipped,SUMMER20
42,42,42,78,987.45,11/21/2020,debit card,51616 Barby Circle,delivered,FALL25
43,43,43,82,247.43,6/26/2021,credit card,5 Forest Run Avenue,shipped,SUMMER20
44,44,44,12,298.46,6/4/2022,debit card,501 Harper Park,delivered,FALL25
45,45,45,12,420.77,1/24/2022,debit card,1 Portage Plaza,processing,SUMMER20
46,46,46,89,871.38,8/16/2022,credit card,93 Nevada Pass,pending,SUMMER20
47,47,47,68,906.45,6/8/2020,credit card,83 Fairview Point,processing,SAVE10
48,48,48,8,695.55,10/17/2022,debit card,369 Bluejay Terrace,shipped,FALL25
49,49,49,16,346.12,12/23/2021,debit card,36 Spaight Way,pending,SAVE10
50,50,50,54,390.9,7/9/2021,PayPal,824 Russell Alley,delivered,FALL25
51,51,51,15,870.95,1/24/2020,debit card,824 Luster Lane,shipped,SAVE10
52,52,52,50,810.53,4/14/2022,PayPal,4 Service Pass,delivered,FALL25
53,53,53,49,783.25,7/13/2021,PayPal,64051 Monterey Junction,pending,SUMMER20
54,54,54,82,301.7,8/24/2021,debit card,088 Dovetail Pass,delivered,SUMMER20
55,55,55,62,929.47,12/20/2021,PayPal,948 Golf Drive,processing,SUMMER20
56,56,56,12,808.23,9/3/2020,credit card,5 Stuart Road,processing,SAVE10
57,57,57,68,272.83,1/11/2021,PayPal,60739 Hayes Circle,processing,FALL25
58,58,58,53,317.76,4/13/2020,PayPal,5 Kennedy Hill,delivered,SAVE10
59,59,59,34,949.78,3/6/2020,debit card,76433 Magdeline Terrace,pending,SAVE10
60,60,60,89,91.98,4/27/2021,debit card,2 Sutteridge Junction,shipped,SAVE10
61,61,61,73,774.55,9/3/2022,credit card,4 Iowa Lane,delivered,SUMMER20
62,62,62,72,803.71,2/23/2022,credit card,31 Twin Pines Alley,delivered,SAVE10
63,63,63,87,159.16,5/9/2022,debit card,4933 Troy Lane,shipped,SAVE10
64,64,64,53,326.11,2/13/2021,credit card,5189 Browning Point,processing,FALL25
65,65,65,74,496.12,1/3/2022,credit card,132 Glendale Avenue,processing,FALL25
66,66,66,1,457.98,8/1/2021,credit card,2561 Goodland Junction,processing,SAVE10
67,67,67,18,163.26,10/23/2022,debit card,588 Stang Street,pending,SUMMER20
68,68,68,87,802.57,1/14/2020,PayPal,6 Lakewood Gardens Hill,shipped,SUMMER20
69,69,69,98,854.28,11/3/2020,debit card,6 Calypso Place,pending,SAVE10
70,70,70,63,494.72,2/1/2020,credit card,0 Maple Wood Way,shipped,SUMMER20
71,71,71,85,13.18,4/10/2022,debit card,00 Memorial Way,processing,SUMMER20
72,72,72,80,449.85,9/5/2022,credit card,9454 Grayhawk Avenue,pending,SAVE10
73,73,73,48,391.76,6/1/2022,PayPal,39 Artisan Circle,processing,SAVE10
74,74,74,12,935.33,3/3/2022,debit card,323 Main Court,pending,FALL25
75,75,75,13,904.42,2/13/2020,credit card,790 Stone Corner Drive,delivered,FALL25
76,76,76,67,848.22,9/26/2022,debit card,1596 Redwing Junction,pending,SUMMER20
77,77,77,4,35.31,2/25/2021,PayPal,330 Comanche Pass,processing,FALL25
78,78,78,14,512.33,12/31/2020,credit card,6 Milwaukee Alley,delivered,SAVE10
79,79,79,16,598.34,6/2/2020,PayPal,4263 Ludington Center,pending,SAVE10
80,80,80,35,41.88,5/24/2021,PayPal,33 Knutson Court,delivered,FALL25
81,81,81,14,424.4,7/5/2020,debit card,92 Fairview Drive,delivered,FALL25
82,82,82,99,33.39,10/25/2020,PayPal,2291 Main Point,delivered,SUMMER20
83,83,83,97,497.0,5/19/2021,PayPal,41 Pennsylvania Parkway,pending,SAVE10
84,84,84,94,618.56,12/15/2020,PayPal,302 Green Ridge Park,shipped,SUMMER20
85,85,85,5,583.3,4/28/2022,credit card,8 Logan Lane,pending,SUMMER20
86,86,86,19,954.27,11/9/2022,debit card,401 Hanover Crossing,pending,SUMMER20
87,87,87,82,795.46,6/9/2022,credit card,59201 Surrey Street,processing,SUMMER20
88,88,88,24,177.65,12/25/2021,PayPal,7907 Sachtjen Drive,shipped,SAVE10
89,89,89,97,313.48,5/17/2021,debit card,47124 Bashford Avenue,shipped,SUMMER20
90,90,90,47,797.3,9/7/2020,credit card,92596 Crest Line Junction,shipped,FALL25
91,91,91,82,343.06,11/28/2022,PayPal,93593 Rigney Terrace,delivered,SUMMER20
92,92,92,71,5.19,10/21/2021,debit card,057 Sundown Drive,delivered,FALL25
93,93,93,41,258.73,11/10/2020,PayPal,335 Derek Point,pending,FALL25
94,94,94,42,907.16,6/3/2021,debit card,709 Carberry Lane,delivered,SAVE10
95,95,95,73,958.65,8/25/2020,PayPal,6459 Talisman Alley,pending,SUMMER20
96,96,96,69,950.03,4/23/2021,credit card,47925 Canary Road,processing,SAVE10
97,97,97,95,359.94,10/16/2021,debit card,029 Division Plaza,delivered,SAVE10
98,98,98,76,782.85,7/10/2020,PayPal,46499 Rowland Hill,shipped,FALL25
99,99,99,80,413.94,12/6/2021,PayPal,1 Bowman Hill,pending,FALL25
100,100,100,95,299.55,2/15/2022,credit card,35307 East Place,processing,FALL25
101,101,101,58,122.88,2/14/2022,credit card,980 Aberg Avenue,shipped,FALL25
102,102,102,31,85.29,5/26/2021,debit card,4034 Kings Alley,processing,SAVE10
103,103,103,96,503.19,9/8/2020,debit card,948 Bobwhite Street,processing,FALL25
104,104,104,43,351.05,11/16/2020,credit card,4 Beilfuss Center,delivered,SAVE10
105,105,105,16,895.94,2/29/2020,debit card,50 Tony Trail,processing,FALL25
106,106,106,49,606.91,4/15/2020,debit card,5392 Brickson Park Circle,delivered,SAVE10
107,107,107,1,212.64,7/19/2022,credit card,78987 Corben Drive,processing,SUMMER20
108,108,108,90,998.53,1/25/2021,credit card,02 Canary Point,pending,FALL25
109,109,109,28,255.31,11/2/2021,PayPal,46 Village Hill,delivered,FALL25
110,110,110,69,867.99,7/21/2020,PayPal,59 Dixon Center,shipped,SAVE10
111,111,111,79,885.53,2/16/2020,debit card,4023 Hollow Ridge Place,pending,SUMMER20
112,112,112,15,260.5,11/29/2022,debit card,86 High Crossing Park,processing,SAVE10
113,113,113,82,831.67,1/31/2022,credit card,7631 Holy Cross Alley,pending,FALL25
114,114,114,36,946.83,6/3/2022,credit card,915 Tennyson Plaza,pending,SUMMER20
115,115,115,33,236.23,6/11/2020,credit card,90882 Grasskamp Way,shipped,SAVE10
116,116,116,46,990.73,3/30/2022,debit card,8405 Grover Place,delivered,SAVE10
117,117,117,2,633.43,5/27/2021,debit card,5492 Monument Plaza,processing,SAVE10
118,118,118,26,706.53,6/10/2021,PayPal,15 Hauk Street,pending,SUMMER20
119,119,119,5,782.52,5/27/2022,debit card,5254 Lakewood Gardens Crossing,processing,SAVE10
120,120,120,49,831.49,12/29/2020,debit card,45 Reindahl Alley,pending,SAVE10
121,121,121,69,99.41,10/4/2022,credit card,164 Hayes Hill,pending,SUMMER20
122,122,122,85,29.89,2/4/2020,debit card,4 Lien Court,pending,SUMMER20
123,123,123,75,82.49,4/17/2022,debit card,385 Green Ridge Court,processing,SUMMER20
124,124,124,15,130.4,3/13/2021,PayPal,0 Bluejay Road,pending,FALL25
125,125,125,59,120.7,11/11/2021,credit card,741 Clemons Drive,processing,SUMMER20
126,126,126,69,560.81,2/17/2021,credit card,4588 Elmside Alley,processing,SAVE10
127,127,127,12,107.24,1/5/2020,debit card,00940 Sutteridge Alley,processing,SAVE10
128,128,128,25,539.2,2/29/2020,PayPal,968 Anniversary Avenue,delivered,SUMMER20
129,129,129,53,504.25,9/16/2022,credit card,3712 Goodland Plaza,processing,SAVE10
130,130,130,30,669.62,8/28/2021,credit card,89096 Esch Avenue,delivered,SUMMER20
131,131,131,16,151.94,11/13/2022,PayPal,4380 Randy Junction,processing,SAVE10
132,132,132,48,707.26,3/11/2022,debit card,5 Dryden Drive,pending,SAVE10
133,133,133,100,946.05,8/19/2022,credit card,7974 Old Gate Road,shipped,FALL25
134,134,134,21,43.6,6/26/2022,debit card,1 Drewry Center,shipped,SUMMER20
135,135,135,42,998.52,1/6/2021,debit card,35737 Macpherson Way,pending,SAVE10
136,136,136,68,860.77,5/5/2022,credit card,291 Tony Parkway,delivered,FALL25
137,137,137,73,73.05,6/18/2022,credit card,4205 Delaware Street,delivered,SUMMER20
138,138,138,68,319.43,1/8/2021,debit card,8 Graceland Plaza,processing,SUMMER20
139,139,139,41,34.72,10/11/2022,debit card,70 Mayfield Street,delivered,SUMMER20
140,140,140,38,898.47,4/27/2022,PayPal,8 Thierer Drive,delivered,SAVE10
141,141,141,9,364.72,8/6/2022,PayPal,3 Redwing Pass,processing,FALL25
142,142,142,52,868.96,5/7/2021,PayPal,8 Gale Road,delivered,SAVE10
143,143,143,46,333.84,5/17/2022,PayPal,35246 Steensland Crossing,processing,SAVE10
144,144,144,62,741.87,5/5/2022,debit card,4049 Clemons Road,delivered,SAVE10
145,145,145,81,157.13,1/19/2021,PayPal,4246 Washington Point,delivered,FALL25
146,146,146,11,33.18,9/25/2021,credit card,30 Mayer Point,pending,SAVE10
147,147,147,97,349.46,3/26/2022,debit card,36465 Maple Terrace,delivered,SUMMER20
148,148,148,68,880.87,6/16/2021,PayPal,7 Judy Plaza,delivered,FALL25
149,149,149,81,676.03,10/11/2022,PayPal,41754 Main Avenue,pending,SUMMER20
150,150,150,70,129.98,1/22/2020,debit card,839 Mariners Cove Way,delivered,SAVE10
151,151,151,3,326.35,5/5/2022,debit card,75 Hoard Street,pending,SUMMER20
152,152,152,54,440.55,5/16/2022,credit card,82 Scofield Circle,shipped,FALL25
153,153,153,11,424.96,2/27/2022,PayPal,27406 Lindbergh Point,pending,SAVE10
154,154,154,71,361.4,12/4/2021,PayPal,7278 Marcy Hill,pending,FALL25
155,155,155,20,483.2,6/7/2021,debit card,90326 Hermina Way,delivered,SAVE10
156,156,156,89,403.03,5/11/2022,credit card,1 Straubel Plaza,shipped,SAVE10
157,157,157,79,274.81,12/7/2021,debit card,4187 Vermont Circle,shipped,FALL25
158,158,158,6,465.88,1/1/2020,debit card,19725 Westerfield Pass,pending,SUMMER20
159,159,159,64,450.01,6/22/2022,debit card,56 Lakeland Place,processing,FALL25
160,160,160,18,27.57,2/17/2021,credit card,44 Oriole Plaza,pending,SAVE10
161,161,161,56,999.56,1/16/2020,PayPal,2738 Utah Lane,shipped,SUMMER20
162,162,162,85,154.91,4/27/2022,PayPal,13276 Erie Lane,shipped,SUMMER20
163,163,163,48,368.35,3/4/2022,debit card,684 Namekagon Avenue,processing,SAVE10
164,164,164,34,260.26,10/26/2022,debit card,83248 Anhalt Center,pending,FALL25
165,165,165,23,388.86,7/12/2022,PayPal,79274 Almo Way,processing,SAVE10
166,166,166,61,65.0,10/20/2022,credit card,32 Grayhawk Pass,shipped,FALL25
167,167,167,30,302.41,11/25/2021,credit card,848 Thackeray Park,shipped,SUMMER20
168,168,168,28,125.96,10/5/2022,debit card,6768 Sunnyside Lane,shipped,SAVE10
169,169,169,86,416.29,12/12/2020,debit card,13 East Parkway,shipped,SAVE10
170,170,170,73,885.72,2/7/2022,debit card,971 Continental Crossing,pending,SAVE10
171,171,171,24,102.5,2/21/2020,debit card,0206 Eliot Street,delivered,SUMMER20
172,172,172,22,132.28,4/9/2022,debit card,6790 Kinsman Drive,shipped,FALL25
173,173,173,89,618.95,7/9/2021,debit card,72136 Cherokee Park,pending,FALL25
174,174,174,40,918.17,5/7/2022,PayPal,026 Helena Crossing,delivered,SUMMER20
175,175,175,28,73.42,8/19/2021,debit card,70420 Almo Terrace,shipped,SAVE10
176,176,176,81,800.62,8/8/2022,PayPal,45 Red Cloud Street,delivered,SUMMER20
177,177,177,2,522.24,4/21/2021,debit card,9 Killdeer Parkway,shipped,FALL25
178,178,178,34,602.39,8/11/2020,debit card,5 Green Ridge Street,delivered,SUMMER20
179,179,179,41,220.55,12/20/2022,debit card,511 Lake View Point,pending,SUMMER20
180,180,180,66,650.86,1/21/2021,PayPal,315 Hazelcrest Place,shipped,FALL25
181,181,181,46,429.51,4/3/2021,credit card,34 Fuller Park,pending,FALL25
182,182,182,63,325.86,1/24/2020,PayPal,5 Butterfield Crossing,delivered,SUMMER20
183,183,183,41,158.63,7/15/2022,credit card,47401 Pond Drive,delivered,FALL25
184,184,184,44,30.96,9/22/2022,debit card,21490 Norway Maple Crossing,processing,SUMMER20
185,185,185,11,444.93,12/3/2022,credit card,8592 Atwood Drive,shipped,FALL25
186,186,186,1,295.79,4/3/2020,debit card,96096 Rutledge Lane,pending,SAVE10
187,187,187,88,756.19,4/20/2021,PayPal,2 Southridge Circle,delivered,SUMMER20
188,188,188,7,538.13,8/10/2020,PayPal,537 Florence Parkway,processing,SUMMER20
189,189,189,90,730.87,10/12/2022,credit card,4 Pepper Wood Street,shipped,FALL25
190,190,190,97,431.59,7/6/2022,debit card,3 Algoma Way,shipped,SAVE10
191,191,191,1,70.03,11/6/2020,credit card,4 Caliangt Plaza,pending,SAVE10
192,192,192,52,767.85,1/23/2022,credit card,9478 Coolidge Drive,shipped,SUMMER20
193,193,193,37,353.27,3/14/2022,credit card,6701 Duke Center,shipped,SUMMER20
194,194,194,51,356.67,3/22/2020,debit card,96054 Dottie Drive,pending,SUMMER20
195,195,195,100,142.63,12/22/2020,PayPal,61694 High Crossing Street,pending,SUMMER20
196,196,196,64,212.92,11/29/2022,debit card,9873 Barnett Road,delivered,SUMMER20
197,197,197,5,567.48,8/11/2022,PayPal,07 Oak Street,pending,FALL25
198,198,198,35,913.29,4/30/2020,PayPal,4 Kinsman Hill,pending,FALL25
199,199,199,8,292.84,1/18/2022,credit card,123 Artisan Place,delivered,SUMMER20
200,200,200,89,732.42,8/29/2021,credit card,887 Service Trail,shipped,SUMMER20
201,201,201,56,498.1,1/2/2020,debit card,98323 Macpherson Hill,shipped,FALL25
202,202,202,95,329.11,10/19/2021,PayPal,43 Roth Junction,delivered,SUMMER20
203,203,203,55,410.37,2/20/2020,credit card,5 Longview Avenue,pending,FALL25
204,204,204,59,941.07,8/8/2020,PayPal,57 Kings Street,shipped,SAVE10
205,205,205,81,766.43,12/31/2020,PayPal,5028 Union Place,processing,SAVE10
206,206,206,61,53.86,3/30/2022,PayPal,5908 Colorado Avenue,processing,SAVE10
207,207,207,26,72.59,8/11/2020,credit card,92 Bluestem Point,shipped,SAVE10
208,208,208,11,151.5,7/9/2022,PayPal,5 Schurz Plaza,processing,SUMMER20
209,209,209,96,977.89,11/11/2021,PayPal,083 Delaware Way,pending,SAVE10
210,210,210,26,485.13,6/26/2022,debit card,0619 Jenna Hill,shipped,FALL25
211,211,211,60,151.34,3/20/2021,PayPal,12 Mallard Plaza,processing,SUMMER20
212,212,212,29,392.5,10/11/2020,PayPal,63 Daystar Street,delivered,SAVE10
213,213,213,34,877.21,9/23/2020,debit card,0244 School Circle,pending,SUMMER20
214,214,214,70,387.59,2/15/2020,credit card,15091 Homewood Place,delivered,FALL25
215,215,215,45,413.37,7/13/2022,credit card,29 Victoria Crossing,delivered,FALL25
216,216,216,82,938.26,3/12/2020,debit card,01 Glendale Way,delivered,SUMMER20
217,217,217,58,712.26,11/30/2022,debit card,62 Bartillon Parkway,processing,SAVE10
218,218,218,40,60.07,2/3/2021,PayPal,79 Roth Park,shipped,SAVE10
219,219,219,63,358.01,5/6/2020,PayPal,61 Blaine Place,shipped,FALL25
220,220,220,87,940.64,4/27/2020,credit card,37 Petterle Court,delivered,SUMMER20
221,221,221,34,448.22,7/4/2022,debit card,68 Forster Hill,shipped,FALL25
222,222,222,11,537.86,4/24/2021,PayPal,2312 Shopko Circle,shipped,SUMMER20
223,223,223,54,337.39,3/12/2020,credit card,5 Boyd Avenue,processing,FALL25
224,224,224,35,609.44,9/11/2021,credit card,87923 Iowa Way,shipped,SAVE10
225,225,225,45,771.52,9/8/2020,debit card,89570 Bobwhite Drive,processing,SAVE10
226,226,226,5,847.71,4/8/2021,debit card,0 Oak Valley Avenue,shipped,SUMMER20
227,227,227,23,545.95,6/12/2020,PayPal,136 Marquette Crossing,processing,SUMMER20
228,228,228,60,358.34,4/14/2021,debit card,6936 Westridge Court,shipped,SAVE10
229,229,229,85,74.25,4/10/2021,debit card,1457 Eastwood Way,delivered,SUMMER20
230,230,230,11,185.41,3/26/2022,credit card,73829 Maywood Avenue,pending,FALL25
231,231,231,73,220.45,8/8/2021,debit card,21 Northfield Pass,shipped,SUMMER20
232,232,232,92,667.16,6/12/2022,credit card,1 Bunker Hill Lane,pending,FALL25
233,233,233,40,255.6,10/15/2022,PayPal,1267 Summerview Parkway,shipped,FALL25
234,234,234,31,761.97,5/12/2022,credit card,250 Bayside Park,pending,FALL25
235,235,235,64,938.89,12/5/2020,PayPal,4 Farragut Plaza,shipped,FALL25
236,236,236,82,76.36,11/21/2021,PayPal,238 Warbler Pass,delivered,FALL25
237,237,237,92,79.69,8/10/2021,PayPal,876 Jenifer Court,pending,FALL25
238,238,238,78,242.57,7/30/2022,credit card,3 Bashford Circle,shipped,FALL25
239,239,239,8,18.14,1/12/2021,PayPal,25709 Lawn Center,delivered,SUMMER20
240,240,240,37,600.54,6/15/2022,credit card,231 Fair Oaks Alley,pending,SUMMER20
241,241,241,13,147.24,12/26/2022,debit card,24 6th Center,shipped,SAVE10
242,242,242,58,282.4,2/28/2020,credit card,07 Rusk Road,pending,SAVE10
243,243,243,65,953.8,9/10/2022,PayPal,60 Londonderry Park,pending,SAVE10
244,244,244,30,912.0,4/6/2020,PayPal,38330 Daystar Circle,processing,SUMMER20
245,245,245,42,869.69,11/1/2021,debit card,94408 Truax Street,pending,FALL25
246,246,246,98,533.1,8/11/2021,debit card,9028 Towne Street,pending,SAVE10
247,247,247,71,287.46,6/13/2022,PayPal,24 Evergreen Terrace,delivered,FALL25
248,248,248,45,329.62,7/29/2021,PayPal,2114 Bartillon Lane,processing,SUMMER20
249,249,249,31,716.02,5/24/2020,debit card,84319 New Castle Alley,shipped,FALL25
250,250,250,76,582.57,2/1/2020,debit card,5 Express Road,processing,SUMMER20
251,251,251,55,689.35,3/21/2022,PayPal,328 Union Parkway,shipped,FALL25
252,252,252,25,143.65,5/7/2020,PayPal,5 Fairfield Drive,pending,FALL25
253,253,253,99,197.93,1/10/2020,debit card,782 Buena Vista Lane,pending,SUMMER20
254,254,254,52,695.93,8/1/2020,debit card,9132 Clarendon Plaza,delivered,FALL25
255,255,255,75,536.64,5/27/2020,debit card,3 Bluestem Road,delivered,SAVE10
256,256,256,23,160.68,6/25/2022,credit card,54162 Old Gate Crossing,shipped,SUMMER20
257,257,257,75,751.17,10/9/2021,PayPal,5 Buena Vista Terrace,pending,FALL25
258,258,258,33,710.76,9/26/2021,debit card,0036 Amoth Terrace,processing,FALL25
259,259,259,47,627.92,1/3/2020,credit card,47593 Homewood Place,delivered,SUMMER20
260,260,260,60,192.17,1/16/2022,debit card,31478 Tomscot Avenue,delivered,SAVE10
261,261,261,87,958.07,4/20/2022,credit card,018 Glacier Hill Circle,shipped,FALL25
262,262,262,17,652.21,6/1/2020,debit card,446 Coolidge Street,delivered,FALL25
263,263,263,68,204.29,6/23/2022,PayPal,380 Miller Center,pending,SAVE10
264,264,264,96,577.38,4/26/2022,credit card,425 Texas Avenue,pending,SUMMER20
265,265,265,2,691.35,9/6/2020,debit card,0 Doe Crossing Hill,processing,SAVE10
266,266,266,76,805.51,11/13/2021,credit card,43 Dunning Crossing,processing,FALL25
267,267,267,96,498.78,5/2/2022,credit card,2 Manitowish Circle,delivered,SUMMER20
268,268,268,19,889.3,9/3/2020,debit card,8 Sutherland Lane,processing,SAVE10
269,269,269,97,69.41,8/4/2021,PayPal,22 Fairview Street,processing,SUMMER20
270,270,270,68,751.71,2/8/2022,PayPal,16 Sunfield Trail,processing,FALL25
271,271,271,21,259.57,11/22/2020,debit card,703 Crowley Drive,pending,SAVE10
272,272,272,14,425.1,3/23/2022,debit card,31785 Monterey Avenue,pending,SUMMER20
273,273,273,7,324.5,2/21/2020,credit card,2649 Lakewood Point,shipped,SUMMER20
274,274,274,74,847.82,3/4/2021,PayPal,72244 Anniversary Lane,processing,SAVE10
275,275,275,2,80.53,7/23/2021,credit card,84 Ryan Circle,delivered,FALL25
276,276,276,32,666.01,10/3/2022,debit card,2 Spohn Alley,delivered,FALL25
277,277,277,46,353.74,11/11/2021,debit card,067 Annamark Drive,processing,SUMMER20
278,278,278,7,857.26,8/20/2021,PayPal,14 Cascade Plaza,shipped,SUMMER20
279,279,279,33,934.77,3/16/2022,credit card,1645 John Wall Junction,shipped,SUMMER20
280,280,280,58,297.01,6/12/2021,credit card,69409 Fieldstone Parkway,processing,SAVE10
281,281,281,63,610.45,12/1/2020,debit card,9 Montana Point,shipped,FALL25
282,282,282,13,883.25,4/10/2021,credit card,8109 Pine View Hill,pending,FALL25
283,283,283,8,937.59,7/28/2022,credit card,74 Harper Hill,shipped,FALL25
284,284,284,21,818.18,4/20/2020,PayPal,60 Manley Terrace,delivered,SUMMER20
285,285,285,7,820.41,12/24/2022,PayPal,20485 Farragut Place,delivered,SUMMER20
286,286,286,34,269.43,4/23/2021,credit card,27493 Center Crossing,shipped,SUMMER20
287,287,287,100,324.81,8/24/2021,credit card,597 Vidon Way,processing,FALL25
288,288,288,100,172.21,10/21/2022,PayPal,9972 Cascade Junction,processing,FALL25
289,289,289,50,44.93,1/23/2021,credit card,822 Johnson Way,processing,FALL25
290,290,290,4,735.29,6/6/2022,debit card,74191 Barnett Center,processing,SUMMER20
291,291,291,1,769.89,7/31/2020,debit card,043 Mandrake Avenue,shipped,SAVE10
292,292,292,76,788.94,3/13/2021,PayPal,162 Burrows Pass,delivered,SUMMER20
293,293,293,59,979.44,1/20/2021,debit card,53 Colorado Trail,pending,FALL25
294,294,294,97,752.79,3/6/2022,debit card,93 Veith Point,processing,FALL25
295,295,295,42,785.52,6/30/2020,debit card,52502 Weeping Birch Trail,shipped,SUMMER20
296,296,296,99,840.43,10/7/2021,debit card,209 Ilene Lane,processing,FALL25
297,297,297,60,268.66,8/3/2020,PayPal,948 Roxbury Plaza,shipped,SAVE10
298,298,298,6,850.02,12/22/2022,credit card,067 Hauk Court,delivered,FALL25
299,299,299,21,84.55,9/7/2020,credit card,70 Continental Avenue,delivered,SUMMER20
300,300,300,83,532.91,8/17/2021,credit card,568 Northfield Alley,processing,FALL25
301,301,301,53,684.56,1/23/2021,credit card,954 Goodland Circle,delivered,FALL25
302,302,302,96,217.69,7/7/2020,debit card,96249 Gina Center,delivered,SUMMER20
303,303,303,76,196.21,3/30/2022,PayPal,943 Northwestern Avenue,delivered,SUMMER20
304,304,304,94,943.68,11/3/2022,credit card,6 Fuller Place,shipped,FALL25
305,305,305,5,934.43,7/3/2020,credit card,954 Amoth Hill,pending,FALL25
306,306,306,98,913.45,8/17/2022,credit card,995 Del Sol Way,delivered,SUMMER20
307,307,307,38,709.25,5/20/2020,debit card,54113 La Follette Place,delivered,SAVE10
308,308,308,71,247.31,8/14/2020,debit card,71 Kedzie Alley,processing,SUMMER20
309,309,309,28,684.62,6/26/2021,credit card,29012 Nancy Trail,pending,SAVE10
310,310,310,88,773.58,8/30/2021,PayPal,706 Riverside Center,delivered,SUMMER20
311,311,311,59,666.75,7/16/2021,PayPal,2 Holmberg Alley,delivered,FALL25
312,312,312,17,78.92,3/10/2022,debit card,9 Badeau Street,pending,FALL25
313,313,313,51,484.52,1/14/2021,PayPal,772 Carberry Pass,pending,FALL25
314,314,314,30,491.99,2/14/2021,debit card,73 Laurel Parkway,shipped,SUMMER20
315,315,315,58,419.06,11/1/2020,debit card,32687 Orin Avenue,delivered,FALL25
316,316,316,6,215.53,3/1/2022,credit card,0 Arkansas Park,delivered,SAVE10
317,317,317,36,668.63,7/17/2021,debit card,44 Almo Park,pending,FALL25
318,318,318,89,551.8,1/16/2022,debit card,704 Canary Terrace,pending,SUMMER20
319,319,319,81,280.17,4/4/2021,credit card,070 Alpine Park,delivered,SUMMER20
320,320,320,37,963.74,4/27/2022,credit card,58 Daystar Terrace,pending,SAVE10
321,321,321,39,850.64,10/1/2022,PayPal,47 Trailsway Terrace,pending,SAVE10
322,322,322,73,361.71,1/13/2020,credit card,9045 Norway Maple Trail,shipped,FALL25
323,323,323,92,406.95,12/2/2020,debit card,13 Namekagon Pass,delivered,SAVE10
324,324,324,92,479.74,6/10/2020,credit card,02914 Eagle Crest Way,shipped,SAVE10
325,325,325,47,163.23,6/16/2021,PayPal,961 Merry Drive,processing,SAVE10
326,326,326,37,42.36,12/23/2022,debit card,18272 Maywood Trail,delivered,SUMMER20
327,327,327,84,579.0,2/24/2020,PayPal,78327 Texas Hill,delivered,FALL25
328,328,328,65,929.41,2/29/2020,PayPal,7 Menomonie Lane,processing,SAVE10
329,329,329,81,380.53,12/30/2020,PayPal,6005 Dahle Junction,processing,SAVE10
330,330,330,55,840.68,4/22/2020,credit card,7 Loeprich Alley,shipped,SAVE10
331,331,331,89,495.26,4/3/2022,PayPal,5865 Almo Circle,delivered,SAVE10
332,332,332,69,965.98,3/14/2021,PayPal,14805 Eagan Avenue,delivered,FALL25
333,333,333,91,664.33,1/31/2022,debit card,7 Johnson Lane,pending,SAVE10
334,334,334,91,568.96,4/10/2021,credit card,83601 Larry Lane,delivered,SAVE10
335,335,335,16,578.96,7/19/2020,PayPal,0 Sage Avenue,pending,SAVE10
336,336,336,36,949.35,12/3/2021,credit card,31 West Drive,delivered,FALL25
337,337,337,44,486.57,1/6/2022,credit card,26984 Ramsey Alley,pending,SUMMER20
338,338,338,64,30.25,9/13/2022,credit card,6315 Dawn Pass,processing,SAVE10
339,339,339,50,945.3,5/17/2021,credit card,5763 Loeprich Crossing,processing,FALL25
340,340,340,68,677.61,6/30/2022,PayPal,3 North Road,shipped,SUMMER20
341,341,341,8,267.31,2/14/2021,PayPal,427 Kim Center,processing,SAVE10
342,342,342,51,652.9,1/23/2021,PayPal,48754 Westend Avenue,shipped,SUMMER20
343,343,343,43,923.69,5/11/2022,credit card,31 Lunder Center,delivered,SAVE10
344,344,344,63,29.39,1/13/2022,credit card,544 Bellgrove Circle,processing,FALL25
345,345,345,96,499.57,6/9/2022,credit card,01 Alpine Terrace,shipped,SUMMER20
346,346,346,9,350.09,3/14/2021,credit card,3612 Hermina Point,shipped,SUMMER20
347,347,347,10,497.76,1/1/2020,PayPal,7975 Grover Center,shipped,SUMMER20
348,348,348,85,658.3,11/8/2022,debit card,1747 Badeau Terrace,shipped,FALL25
349,349,349,75,641.75,12/13/2022,PayPal,65405 Riverside Point,delivered,FALL25
350,350,350,44,465.57,7/20/2022,debit card,52995 Atwood Junction,pending,FALL25
351,351,351,92,479.0,4/14/2021,credit card,53 Almo Plaza,shipped,SUMMER20
352,352,352,86,602.88,11/22/2021,credit card,51805 Starling Hill,pending,SAVE10
353,353,353,15,144.8,8/16/2022,debit card,5 Farmco Lane,processing,FALL25
354,354,354,12,377.17,10/30/2021,credit card,50 Kipling Pass,processing,SAVE10
355,355,355,57,764.03,9/21/2020,debit card,7321 Nancy Point,shipped,SUMMER20
356,356,356,1,258.19,6/12/2020,PayPal,8060 Mcbride Road,pending,SAVE10
357,357,357,31,127.32,2/23/2022,credit card,710 Boyd Street,pending,SAVE10
358,358,358,85,821.67,2/26/2020,PayPal,5 Jenifer Trail,pending,SUMMER20
359,359,359,33,21.26,6/1/2022,debit card,0 Hollow Ridge Circle,delivered,SAVE10
360,360,360,21,466.61,3/16/2020,credit card,94542 Anhalt Trail,shipped,SAVE10
361,361,361,90,660.93,3/31/2021,debit card,8916 Acker Parkway,delivered,FALL25
362,362,362,91,913.2,8/7/2022,PayPal,0 Rusk Trail,processing,FALL25
363,363,363,88,812.41,12/26/2022,credit card,4 Browning Terrace,processing,SUMMER20
364,364,364,38,436.99,7/13/2020,PayPal,57 Melvin Avenue,delivered,FALL25
365,365,365,45,976.37,5/8/2022,debit card,2 Fieldstone Circle,pending,FALL25
366,366,366,34,974.24,11/3/2020,credit card,86876 Pine View Plaza,pending,SAVE10
367,367,367,84,71.92,5/15/2022,credit card,65 Truax Hill,pending,FALL25
368,368,368,75,136.74,11/29/2021,credit card,26401 Grayhawk Drive,shipped,FALL25
369,369,369,76,684.26,4/8/2022,PayPal,94 Nova Place,delivered,SAVE10
370,370,370,18,630.11,6/10/2021,credit card,9799 Declaration Park,delivered,SUMMER20
371,371,371,49,704.95,2/9/2021,PayPal,96665 Forster Place,pending,SUMMER20
372,372,372,12,927.19,2/20/2022,credit card,61624 Pierstorff Road,shipped,SAVE10
373,373,373,49,421.62,4/12/2021,PayPal,52 Northwestern Way,delivered,FALL25
374,374,374,79,15.09,3/11/2022,debit card,0 Crescent Oaks Plaza,shipped,SUMMER20
375,375,375,47,560.31,9/22/2020,PayPal,6 Merrick Parkway,shipped,SAVE10
376,376,376,12,335.7,10/25/2021,credit card,56350 Rusk Road,pending,SAVE10
377,377,377,30,458.63,7/30/2022,credit card,0806 Park Meadow Circle,pending,SAVE10
378,378,378,31,811.16,8/7/2021,debit card,90700 Lakewood Center,shipped,SUMMER20
379,379,379,56,132.62,9/2/2021,debit card,27624 Huxley Lane,pending,SAVE10
380,380,380,81,629.46,9/25/2020,debit card,6 Grasskamp Court,pending,SAVE10
381,381,381,78,490.67,9/5/2021,PayPal,7482 Pleasure Street,pending,SAVE10
382,382,382,60,47.62,3/11/2021,debit card,3534 Northview Parkway,processing,SUMMER20
383,383,383,25,414.43,9/10/2020,debit card,42230 Thompson Trail,processing,FALL25
384,384,384,37,840.1,9/17/2021,PayPal,60 Sutteridge Road,pending,FALL25
385,385,385,95,84.0,8/18/2022,PayPal,36246 Harper Crossing,shipped,FALL25
386,386,386,92,591.07,11/26/2021,PayPal,47 Northport Avenue,delivered,SUMMER20
387,387,387,30,106.92,9/12/2020,credit card,363 Hansons Alley,delivered,SUMMER20
388,388,388,91,289.16,5/19/2021,credit card,7135 Debra Point,shipped,FALL25
389,389,389,79,808.65,3/18/2022,credit card,7 Dapin Center,shipped,SUMMER20
390,390,390,3,161.44,1/8/2020,debit card,81181 Morning Parkway,shipped,SAVE10
391,391,391,68,293.31,11/13/2021,debit card,181 Dorton Plaza,pending,SUMMER20
392,392,392,29,322.13,2/19/2021,debit card,7 Dahle Trail,shipped,SUMMER20
393,393,393,73,470.47,11/7/2020,debit card,4422 Rigney Avenue,shipped,SUMMER20
394,394,394,2,572.29,3/1/2021,debit card,90 East Way,delivered,FALL25
395,395,395,39,428.9,11/9/2022,credit card,246 Mandrake Street,processing,FALL25
396,396,396,59,726.63,3/10/2021,PayPal,59054 Pepper Wood Street,delivered,SAVE10
397,397,397,12,866.99,11/27/2021,PayPal,78 Roth Circle,pending,SUMMER20
398,398,398,18,13.8,7/30/2022,debit card,7 Quincy Court,processing,FALL25
399,399,399,75,586.78,2/14/2021,PayPal,55241 Cordelia Avenue,pending,FALL25
400,400,400,8,733.86,8/5/2022,debit card,824 Utah Point,pending,SAVE10
401,401,401,24,834.04,2/26/2020,credit card,37371 Oak Valley Road,pending,FALL25
402,402,402,76,442.11,10/25/2022,credit card,41036 Swallow Hill,shipped,SUMMER20
403,403,403,41,29.09,7/18/2020,PayPal,12389 Sunbrook Point,pending,FALL25
404,404,404,11,630.47,1/4/2021,debit card,91738 Dorton Center,processing,SUMMER20
405,405,405,82,908.8,10/31/2022,debit card,0 Kenwood Hill,processing,FALL25
406,406,406,22,383.22,8/15/2020,PayPal,69 Valley Edge Crossing,shipped,SUMMER20
407,407,407,25,644.88,12/21/2022,PayPal,71 Westerfield Hill,pending,FALL25
408,408,408,1,300.0,1/18/2022,credit card,541 Bunker Hill Parkway,shipped,SAVE10
409,409,409,81,111.11,5/10/2021,PayPal,2982 Summer Ridge Junction,delivered,FALL25
410,410,410,17,185.63,10/15/2022,credit card,99 Monument Circle,shipped,SAVE10
411,411,411,29,59.7,8/23/2021,credit card,4403 Twin Pines Alley,delivered,SUMMER20
412,412,412,64,77.97,6/12/2020,credit card,5 Mandrake Way,shipped,SUMMER20
413,413,413,82,813.62,12/15/2022,PayPal,6 Waywood Trail,pending,SAVE10
414,414,414,40,251.09,7/15/2020,PayPal,93 High Crossing Way,shipped,FALL25
415,415,415,72,13.39,11/23/2020,debit card,5471 Forest Dale Place,processing,SAVE10
416,416,416,74,491.0,7/6/2022,PayPal,334 Bonner Place,processing,FALL25
417,417,417,20,302.72,2/2/2020,credit card,6 Vidon Hill,processing,SAVE10
418,418,418,93,510.38,10/24/2022,PayPal,6219 Sutteridge Street,processing,SAVE10
419,419,419,37,33.14,9/18/2020,credit card,8 Maple Wood Terrace,shipped,SUMMER20
420,420,420,98,662.04,2/1/2022,credit card,88901 Glacier Hill Place,shipped,FALL25
421,421,421,11,823.4,1/12/2021,PayPal,6 Morningstar Park,delivered,SAVE10
422,422,422,100,55.53,11/8/2021,debit card,6254 Oak Valley Junction,pending,SAVE10
423,423,423,7,743.53,12/22/2020,PayPal,7522 Blackbird Road,delivered,SAVE10
424,424,424,17,488.89,10/18/2022,debit card,393 Forest Circle,pending,FALL25
425,425,425,89,182.36,9/17/2020,PayPal,48779 Spenser Drive,processing,SAVE10
426,426,426,59,302.72,5/21/2021,debit card,15974 Donald Alley,shipped,SAVE10
427,427,427,13,451.07,1/20/2022,debit card,900 Spohn Center,shipped,SAVE10
428,428,428,33,187.03,7/28/2022,credit card,85 Pond Point,pending,SAVE10
429,429,429,88,401.98,7/17/2020,credit card,6197 Moland Pass,shipped,FALL25
430,430,430,12,341.26,8/24/2021,PayPal,3091 Melvin Circle,shipped,SUMMER20
431,431,431,98,636.06,4/4/2020,debit card,852 Marquette Terrace,pending,SUMMER20
432,432,432,66,13.94,1/17/2020,credit card,6 Hanson Drive,pending,SAVE10
433,433,433,53,626.55,4/12/2020,PayPal,30 Transport Terrace,processing,FALL25
434,434,434,4,690.68,3/26/2020,debit card,15 Grover Park,shipped,SAVE10
435,435,435,54,765.83,3/10/2022,credit card,031 Eagle Crest Parkway,shipped,FALL25
436,436,436,96,395.47,6/28/2021,credit card,4137 Lien Point,delivered,SAVE10
437,437,437,46,565.83,5/25/2021,PayPal,78584 Dakota Point,shipped,SAVE10
438,438,438,89,416.33,11/23/2020,PayPal,14 Butterfield Court,pending,SUMMER20
439,439,439,73,315.48,11/22/2020,PayPal,6 Charing Cross Parkway,pending,SAVE10
440,440,440,5,547.44,10/2/2020,debit card,8 Corry Terrace,pending,SUMMER20
441,441,441,34,864.85,6/23/2021,PayPal,380 Namekagon Hill,delivered,FALL25
442,442,442,95,894.62,9/16/2022,credit card,3811 Miller Avenue,delivered,SAVE10
443,443,443,50,175.98,2/22/2021,debit card,4869 Loeprich Junction,processing,SAVE10
444,444,444,80,372.29,3/5/2020,debit card,0 Carey Junction,processing,SAVE10
445,445,445,95,108.01,2/23/2020,PayPal,4 Lunder Lane,pending,SUMMER20
446,446,446,28,36.67,3/21/2020,credit card,406 Carioca Terrace,delivered,SAVE10
447,447,447,22,256.05,2/5/2020,debit card,63 Bonner Place,delivered,SUMMER20
448,448,448,45,579.57,7/27/2021,credit card,6625 Judy Place,pending,FALL25
449,449,449,96,579.35,1/16/2021,credit card,05074 Dakota Drive,shipped,SUMMER20
450,450,450,62,922.51,6/4/2021,PayPal,56756 Maryland Parkway,processing,SUMMER20
451,451,451,73,455.17,2/21/2020,PayPal,992 Kenwood Alley,shipped,SUMMER20
452,452,452,26,614.13,4/1/2020,debit card,9 East Parkway,processing,SUMMER20
453,453,453,98,804.06,11/4/2021,debit card,438 Dakota Way,pending,FALL25
454,454,454,22,865.12,8/22/2020,credit card,89184 Corry Lane,pending,SUMMER20
455,455,455,88,250.9,5/5/2022,debit card,82 Transport Park,delivered,SUMMER20
456,456,456,57,88.93,8/4/2021,credit card,5868 Granby Place,delivered,FALL25
457,457,457,86,581.06,7/10/2022,debit card,9 Aberg Pass,shipped,SUMMER20
458,458,458,97,840.01,10/24/2020,debit card,87 Cardinal Junction,pending,SAVE10
459,459,459,57,617.03,5/31/2020,debit card,08639 Dottie Parkway,delivered,FALL25
460,460,460,13,400.18,6/4/2021,debit card,88221 Redwing Point,shipped,SAVE10
461,461,461,18,900.87,7/19/2022,credit card,0718 Pine View Junction,processing,SAVE10
462,462,462,31,631.02,2/25/2020,credit card,1950 Eagle Crest Terrace,processing,SUMMER20
463,463,463,83,661.55,10/17/2020,PayPal,2627 Sachs Point,pending,SAVE10
464,464,464,50,219.02,4/8/2022,credit card,435 Russell Junction,shipped,FALL25
465,465,465,40,566.52,1/8/2020,debit card,34 Sheridan Crossing,processing,SUMMER20
466,466,466,33,354.41,5/27/2020,PayPal,901 Kim Trail,shipped,SUMMER20
467,467,467,79,744.47,12/20/2021,PayPal,81 Dryden Lane,shipped,SUMMER20
468,468,468,98,627.71,12/25/2020,PayPal,841 Hauk Avenue,shipped,FALL25
469,469,469,19,84.91,5/4/2020,credit card,61853 Melrose Point,pending,FALL25
470,470,470,47,435.34,4/18/2021,debit card,4686 Linden Pass,pending,FALL25
471,471,471,25,637.72,9/4/2021,credit card,1677 Buell Pass,pending,FALL25
472,472,472,40,494.25,11/16/2022,debit card,539 Thackeray Avenue,pending,SUMMER20
473,473,473,4,593.89,1/13/2021,PayPal,626 Buhler Plaza,processing,SAVE10
474,474,474,41,743.02,3/12/2021,credit card,1212 Rigney Court,delivered,SUMMER20
475,475,475,100,833.6,5/27/2022,debit card,4791 Bunting Lane,shipped,SUMMER20
476,476,476,47,777.65,6/4/2021,debit card,15 La Follette Way,delivered,FALL25
477,477,477,41,502.21,10/8/2022,debit card,83 Sycamore Street,processing,SAVE10
478,478,478,47,224.92,2/23/2022,PayPal,86893 Aberg Court,shipped,FALL25
479,479,479,9,655.05,4/26/2022,debit card,38404 Charing Cross Hill,processing,FALL25
480,480,480,45,361.17,2/25/2020,debit card,64 Grim Alley,processing,SAVE10
481,481,481,21,981.47,9/22/2020,PayPal,221 Boyd Plaza,shipped,SUMMER20
482,482,482,75,963.03,12/2/2020,PayPal,2734 Oxford Trail,delivered,SUMMER20
483,483,483,27,323.67,1/2/2020,PayPal,5359 Vidon Alley,delivered,FALL25
484,484,484,14,644.19,6/10/2021,credit card,87843 Lindbergh Plaza,delivered,SUMMER20
485,485,485,74,728.15,8/21/2022,debit card,579 Caliangt Place,shipped,FALL25
486,486,486,33,847.58,4/27/2022,PayPal,21828 Carioca Pass,delivered,SUMMER20
487,487,487,93,282.24,4/28/2022,credit card,288 Vermont Drive,processing,FALL25
488,488,488,18,662.7,5/30/2020,credit card,7522 Basil Street,processing,SAVE10
489,489,489,88,674.22,4/5/2022,debit card,7 Southridge Circle,processing,SAVE10
490,490,490,58,211.59,9/21/2022,credit card,95666 Fremont Center,delivered,FALL25
491,491,491,39,702.94,5/24/2020,credit card,98 Pepper Wood Trail,pending,FALL25
492,492,492,98,829.44,5/3/2022,credit card,2989 1st Junction,processing,SAVE10
493,493,493,41,892.01,6/17/2022,credit card,90 Dahle Trail,shipped,SAVE10
494,494,494,19,80.16,4/21/2022,credit card,11 Alpine Street,processing,SAVE10
495,495,495,9,318.0,8/17/2020,debit card,3 Magdeline Pass,processing,FALL25
496,496,496,17,907.14,10/13/2020,PayPal,541 Arapahoe Hill,pending,SUMMER20
497,497,497,98,226.97,8/8/2021,debit card,46394 Schlimgen Place,pending,SAVE10
498,498,498,17,828.51,4/2/2022,debit card,36078 Jenna Hill,shipped,SAVE10
499,499,499,12,718.77,8/17/2020,debit card,71 Grim Alley,shipped,SUMMER20
500,500,500,18,726.32,2/19/2021,credit card,955 Scofield Place,shipped,FALL25
501,501,501,43,806.11,5/28/2021,PayPal,3485 Weeping Birch Avenue,delivered,FALL25
502,502,502,2,726.05,7/21/2022,PayPal,22 Acker Circle,shipped,SUMMER20
503,503,503,41,648.94,8/24/2021,credit card,93009 Atwood Crossing,shipped,FALL25
504,504,504,70,60.0,5/12/2021,PayPal,3855 Colorado Park,processing,SUMMER20
505,505,505,1,823.68,3/25/2022,credit card,94 Glacier Hill Road,pending,SAVE10
506,506,506,37,928.61,11/25/2021,credit card,546 Pennsylvania Avenue,pending,SUMMER20
507,507,507,28,126.48,8/31/2022,PayPal,4249 Summerview Drive,pending,SUMMER20
508,508,508,1,521.48,1/4/2021,debit card,14208 Daystar Way,pending,SUMMER20
509,509,509,40,574.26,11/27/2022,debit card,3989 Arapahoe Alley,pending,FALL25
510,510,510,86,568.6,3/7/2022,credit card,23424 Hollow Ridge Hill,pending,SAVE10
511,511,511,65,957.91,6/4/2020,credit card,60882 Dakota Alley,processing,FALL25
512,512,512,50,515.87,2/7/2021,debit card,597 Talmadge Park,shipped,SUMMER20
513,513,513,2,579.57,6/6/2020,debit card,55 Derek Parkway,processing,SUMMER20
514,514,514,95,735.6,11/8/2021,PayPal,981 Crowley Point,pending,SUMMER20
515,515,515,60,339.22,3/3/2020,debit card,7814 Red Cloud Alley,delivered,SUMMER20
516,516,516,18,227.47,10/16/2020,credit card,051 Michigan Hill,pending,SAVE10
517,517,517,83,145.11,3/6/2020,PayPal,8 Quincy Plaza,shipped,SAVE10
518,518,518,87,782.37,6/2/2021,debit card,915 Armistice Parkway,processing,SAVE10
519,519,519,64,572.58,2/20/2021,credit card,3 Russell Road,processing,SUMMER20
520,520,520,42,757.33,12/13/2020,debit card,64861 Express Parkway,shipped,SAVE10
521,521,521,16,895.59,11/2/2020,credit card,5 Marquette Avenue,processing,SAVE10
522,522,522,42,553.69,10/20/2022,PayPal,352 Kedzie Way,delivered,SAVE10
523,523,523,70,668.39,4/23/2022,debit card,1 East Park,pending,SAVE10
524,524,524,22,833.06,4/12/2020,credit card,596 Canary Plaza,pending,FALL25
525,525,525,50,411.65,1/7/2021,credit card,9668 Sunnyside Terrace,processing,SAVE10
526,526,526,26,837.86,4/24/2020,credit card,45387 Trailsway Place,shipped,FALL25
527,527,527,91,787.43,10/28/2020,debit card,925 La Follette Place,processing,SAVE10
528,528,528,62,846.66,1/20/2021,PayPal,92379 Village Drive,delivered,SUMMER20
529,529,529,78,992.17,5/9/2022,PayPal,6452 Nelson Park,pending,SAVE10
530,530,530,87,173.61,10/23/2020,debit card,5 Helena Crossing,delivered,SAVE10
531,531,531,75,531.08,1/25/2021,PayPal,74375 Sullivan Hill,delivered,SUMMER20
532,532,532,34,124.57,10/2/2021,PayPal,13485 Arkansas Park,processing,FALL25
533,533,533,60,503.48,3/6/2021,credit card,164 Del Sol Center,processing,SAVE10
534,534,534,53,558.1,2/20/2020,PayPal,356 Kensington Court,pending,FALL25
535,535,535,59,133.56,4/23/2020,debit card,13394 Hansons Pass,pending,SUMMER20
536,536,536,100,478.76,9/2/2020,debit card,61 Melby Plaza,processing,FALL25
537,537,537,19,591.49,3/31/2020,debit card,578 Pawling Court,shipped,FALL25
538,538,538,79,43.97,2/2/2021,PayPal,1803 Eastlawn Avenue,pending,SAVE10
539,539,539,60,795.05,12/9/2021,credit card,7357 Farragut Pass,shipped,FALL25
540,540,540,67,751.98,11/11/2020,PayPal,2280 Thackeray Alley,pending,SUMMER20
541,541,541,87,676.92,4/22/2021,credit card,24 Grayhawk Crossing,processing,FALL25
542,542,542,35,243.04,1/2/2021,credit card,0953 Coolidge Circle,pending,SAVE10
543,543,543,81,657.94,10/21/2020,debit card,567 Lukken Terrace,shipped,SUMMER20
544,544,544,77,292.49,8/27/2022,credit card,79984 Hoard Drive,shipped,FALL25
545,545,545,49,787.68,10/10/2022,debit card,97661 Muir Pass,pending,SAVE10
546,546,546,81,208.94,2/4/2020,debit card,54831 Anniversary Road,shipped,FALL25
547,547,547,53,410.07,1/10/2020,PayPal,967 Arkansas Road,pending,FALL25
548,548,548,89,726.37,1/3/2021,PayPal,44640 School Street,pending,SAVE10
549,549,549,93,480.34,9/25/2022,PayPal,5 Rutledge Hill,pending,SAVE10
550,550,550,65,609.23,4/12/2022,credit card,80518 Heath Plaza,delivered,SAVE10
551,551,551,45,167.29,11/22/2020,debit card,1 Northport Park,delivered,SUMMER20
552,552,552,64,750.3,11/26/2020,PayPal,0295 Manley Trail,pending,SUMMER20
553,553,553,22,644.63,4/17/2020,PayPal,93448 Washington Road,pending,SAVE10
554,554,554,48,68.14,5/2/2022,debit card,8702 Golden Leaf Avenue,processing,SUMMER20
555,555,555,60,690.08,11/17/2020,PayPal,777 Carberry Terrace,processing,SUMMER20
556,556,556,35,635.25,5/25/2020,debit card,2 Bonner Place,processing,SAVE10
557,557,557,17,304.17,12/8/2021,debit card,2 Duke Center,shipped,SUMMER20
558,558,558,8,836.87,1/18/2020,credit card,675 Annamark Junction,shipped,SUMMER20
559,559,559,65,727.92,7/30/2020,PayPal,9 Hallows Plaza,processing,FALL25
560,560,560,80,763.02,3/6/2020,PayPal,8072 Crest Line Avenue,processing,SUMMER20
561,561,561,43,870.01,3/13/2022,debit card,33893 Tennyson Crossing,shipped,SAVE10
562,562,562,47,742.33,9/6/2021,PayPal,42988 Forest Dale Park,shipped,SUMMER20
563,563,563,77,955.86,2/6/2020,PayPal,6035 Troy Lane,shipped,SAVE10
564,564,564,96,792.23,3/8/2022,PayPal,698 Sugar Terrace,delivered,SAVE10
565,565,565,91,353.47,11/6/2021,PayPal,5 Green Plaza,shipped,SUMMER20
566,566,566,22,498.9,12/29/2022,debit card,252 Brentwood Terrace,processing,SUMMER20
567,567,567,45,607.08,7/25/2021,debit card,55 Sunnyside Center,shipped,FALL25
568,568,568,57,936.37,4/7/2021,PayPal,7280 Summer Ridge Crossing,delivered,SAVE10
569,569,569,85,442.95,1/19/2022,debit card,774 Stang Drive,delivered,SUMMER20
570,570,570,86,515.68,1/17/2021,credit card,8 8th Trail,pending,SAVE10
571,571,571,81,13.97,11/5/2021,debit card,361 Sachtjen Avenue,pending,SAVE10
572,572,572,18,353.73,8/7/2020,debit card,2658 Morningstar Drive,processing,SAVE10
573,573,573,29,489.05,2/21/2020,PayPal,405 Corscot Center,processing,FALL25
574,574,574,66,317.99,11/5/2021,PayPal,71 Manitowish Junction,processing,SAVE10
575,575,575,35,646.87,1/17/2021,credit card,6 Grim Terrace,shipped,FALL25
576,576,576,83,977.45,10/5/2020,PayPal,0 Maryland Drive,pending,FALL25
577,577,577,45,673.43,3/11/2020,debit card,068 Manitowish Crossing,delivered,FALL25
578,578,578,17,300.61,12/14/2020,debit card,516 Eagan Hill,delivered,SUMMER20
579,579,579,93,951.19,2/2/2022,credit card,4 Park Meadow Terrace,processing,FALL25
580,580,580,100,688.05,11/19/2021,credit card,1 Northview Trail,pending,SAVE10
581,581,581,33,656.59,4/25/2022,PayPal,203 Lake View Terrace,processing,FALL25
582,582,582,37,841.3,12/17/2021,credit card,00 Bultman Point,delivered,FALL25
583,583,583,7,326.63,5/30/2021,debit card,9 Fairview Pass,processing,SAVE10
584,584,584,10,852.7,6/28/2020,PayPal,41 Jackson Junction,delivered,FALL25
585,585,585,27,406.69,11/22/2022,credit card,55262 Londonderry Park,processing,SAVE10
586,586,586,14,597.35,11/25/2020,credit card,989 Birchwood Junction,processing,FALL25
587,587,587,70,640.55,7/6/2020,credit card,99401 Lyons Parkway,pending,SAVE10
588,588,588,25,45.44,10/7/2020,PayPal,963 Leroy Terrace,processing,SUMMER20
589,589,589,89,335.01,1/9/2022,PayPal,865 Dexter Street,pending,SAVE10
590,590,590,15,191.99,8/28/2020,debit card,06424 Sunfield Trail,pending,SUMMER20
591,591,591,78,649.65,8/12/2022,credit card,2 Columbus Avenue,processing,FALL25
592,592,592,18,690.73,10/3/2020,PayPal,5 Kennedy Terrace,shipped,FALL25
593,593,593,60,845.4,1/22/2020,debit card,48 Center Parkway,pending,FALL25
594,594,594,74,118.26,4/19/2022,PayPal,034 Huxley Crossing,shipped,SAVE10
595,595,595,22,567.24,3/30/2022,PayPal,168 Kings Parkway,shipped,SAVE10
596,596,596,69,0.97,6/2/2022,PayPal,79 Leroy Court,pending,SAVE10
597,597,597,74,724.2,3/15/2022,credit card,95572 Atwood Parkway,delivered,SUMMER20
598,598,598,9,149.76,11/12/2022,credit card,11957 Eastwood Trail,delivered,FALL25
599,599,599,23,836.92,4/23/2022,credit card,68362 Judy Court,processing,SAVE10
600,600,600,62,388.62,5/7/2021,debit card,22284 Moose Point,pending,SUMMER20
601,601,601,8,470.75,3/22/2021,credit card,11 Dahle Road,processing,SUMMER20
602,602,602,42,287.39,3/28/2022,credit card,83118 Sunbrook Parkway,pending,FALL25
603,603,603,95,929.68,5/25/2020,PayPal,471 Grim Trail,shipped,SUMMER20
604,604,604,26,177.9,4/4/2021,debit card,7727 Dahle Hill,delivered,SUMMER20
605,605,605,98,49.82,2/22/2022,debit card,520 Del Mar Alley,delivered,SUMMER20
606,606,606,84,827.35,1/23/2021,credit card,5 Mandrake Place,shipped,SUMMER20
607,607,607,83,823.65,2/11/2020,credit card,84500 Morningstar Way,delivered,FALL25
608,608,608,80,992.23,12/8/2021,debit card,87 Bonner Way,processing,SAVE10
609,609,609,81,196.68,11/9/2022,debit card,51 Commercial Crossing,pending,FALL25
610,610,610,29,548.02,10/13/2022,debit card,980 Sugar Court,delivered,SUMMER20
611,611,611,18,288.36,8/7/2021,PayPal,48039 Chinook Plaza,delivered,SAVE10
612,612,612,1,926.8,10/4/2021,credit card,31417 Transport Pass,delivered,FALL25
613,613,613,85,257.38,2/11/2022,PayPal,8210 Norway Maple Park,delivered,SUMMER20
614,614,614,59,684.87,4/23/2022,credit card,891 Butternut Place,processing,SAVE10
615,615,615,69,355.68,8/18/2020,PayPal,4561 Cascade Junction,processing,SUMMER20
616,616,616,79,720.14,3/7/2022,debit card,3 Sunfield Drive,processing,SUMMER20
617,617,617,62,646.26,1/6/2020,PayPal,9445 Barby Way,shipped,SUMMER20
618,618,618,58,902.43,1/19/2021,debit card,9190 Reindahl Park,pending,SAVE10
619,619,619,39,551.53,11/30/2021,PayPal,5 Little Fleur Place,shipped,FALL25
620,620,620,30,350.23,1/3/2021,credit card,873 Killdeer Pass,shipped,SUMMER20
621,621,621,87,878.77,3/14/2020,PayPal,18969 Bayside Hill,shipped,SAVE10
622,622,622,18,298.21,6/14/2021,debit card,7 Canary Circle,pending,FALL25
623,623,623,37,456.74,10/26/2021,PayPal,3579 Rusk Avenue,pending,FALL25
624,624,624,75,480.74,6/27/2020,debit card,89 Redwing Trail,shipped,FALL25
625,625,625,93,509.25,7/11/2021,debit card,46 Rieder Point,processing,FALL25
626,626,626,51,892.85,6/11/2020,debit card,427 Sachs Avenue,shipped,SUMMER20
627,627,627,23,44.61,1/2/2020,credit card,71769 Jackson Hill,processing,SUMMER20
628,628,628,94,189.75,1/1/2020,PayPal,43 Packers Pass,shipped,SUMMER20
629,629,629,47,953.12,7/25/2021,credit card,9346 Farwell Hill,pending,SAVE10
630,630,630,22,345.94,12/7/2020,debit card,6 Veith Alley,pending,FALL25
631,631,631,56,42.85,8/13/2020,credit card,99895 Bellgrove Parkway,delivered,FALL25
632,632,632,64,981.06,6/19/2020,PayPal,4 Bowman Drive,delivered,SUMMER20
633,633,633,85,20.93,9/24/2022,PayPal,050 Anniversary Street,processing,SAVE10
634,634,634,73,121.88,4/15/2021,PayPal,8344 Sunbrook Alley,processing,FALL25
635,635,635,54,104.04,1/18/2021,PayPal,310 Pierstorff Way,delivered,FALL25
636,636,636,98,979.95,2/3/2020,credit card,3 Columbus Hill,pending,SAVE10
637,637,637,62,799.13,8/11/2020,PayPal,5559 Redwing Park,processing,FALL25
638,638,638,46,222.19,6/27/2022,debit card,58324 Marquette Court,processing,SAVE10
639,639,639,46,714.76,4/19/2021,debit card,6734 Rieder Lane,delivered,SAVE10
640,640,640,32,475.33,2/23/2022,debit card,623 Vera Road,shipped,SUMMER20
641,641,641,72,744.02,7/21/2022,credit card,30 Vahlen Junction,shipped,SUMMER20
642,642,642,84,482.41,3/11/2020,credit card,9683 Westend Road,processing,SUMMER20
643,643,643,31,558.14,10/6/2021,debit card,0 Sauthoff Place,delivered,SUMMER20
644,644,644,28,485.48,3/1/2020,PayPal,371 Monument Way,processing,SAVE10
645,645,645,3,74.73,2/3/2021,credit card,805 Ridge Oak Pass,shipped,SUMMER20
646,646,646,8,267.98,7/2/2022,debit card,3 Independence Trail,pending,SAVE10
647,647,647,52,81.0,6/2/2021,credit card,645 Magdeline Hill,pending,FALL25
648,648,648,26,635.95,10/30/2022,credit card,669 Columbus Drive,delivered,FALL25
649,649,649,27,539.97,5/18/2020,debit card,024 Grayhawk Parkway,processing,SUMMER20
650,650,650,79,236.56,8/8/2022,PayPal,1 Maple Wood Court,shipped,SUMMER20
651,651,651,56,704.86,9/14/2022,debit card,571 4th Trail,delivered,SAVE10
652,652,652,96,743.52,10/26/2021,PayPal,5051 Farwell Avenue,processing,SAVE10
653,653,653,78,415.61,2/28/2022,credit card,8 Veith Plaza,shipped,SAVE10
654,654,654,58,534.68,3/28/2020,PayPal,8041 Bashford Drive,shipped,SAVE10
655,655,655,97,971.9,3/23/2022,credit card,3824 Mosinee Street,processing,SAVE10
656,656,656,55,800.05,5/3/2020,debit card,7025 Esker Drive,shipped,SUMMER20
657,657,657,41,651.99,12/21/2021,PayPal,41923 Corscot Crossing,shipped,SUMMER20
658,658,658,40,131.96,11/16/2022,PayPal,7 Village Green Place,delivered,SAVE10
659,659,659,30,974.58,10/26/2020,debit card,4956 Wayridge Trail,processing,FALL25
660,660,660,27,130.1,7/20/2021,debit card,027 Prairie Rose Center,shipped,FALL25
661,661,661,2,487.58,5/12/2021,PayPal,0980 Tennyson Parkway,delivered,FALL25
662,662,662,42,671.11,12/6/2022,credit card,39224 Hooker Court,pending,FALL25
663,663,663,57,268.1,10/17/2021,credit card,7247 Eagle Crest Street,processing,SUMMER20
664,664,664,33,87.3,12/13/2022,credit card,1533 Mitchell Street,processing,SAVE10
665,665,665,58,499.75,7/5/2021,credit card,557 Bluejay Road,shipped,SUMMER20
666,666,666,47,521.95,6/10/2020,credit card,5054 Sullivan Lane,pending,SAVE10
667,667,667,78,201.38,8/21/2020,credit card,968 International Place,processing,FALL25
668,668,668,71,746.18,6/15/2020,credit card,66 Sunfield Lane,delivered,FALL25
669,669,669,47,188.51,9/15/2021,debit card,92562 Crescent Oaks Point,delivered,SAVE10
670,670,670,70,525.31,4/15/2021,PayPal,906 Bellgrove Parkway,shipped,SUMMER20
671,671,671,61,548.37,11/12/2021,credit card,883 Hermina Park,processing,SUMMER20
672,672,672,35,570.8,11/30/2020,PayPal,32 Bellgrove Circle,pending,SUMMER20
673,673,673,13,419.53,9/16/2021,PayPal,6200 Summer Ridge Court,delivered,FALL25
674,674,674,26,367.16,3/26/2021,PayPal,292 Ilene Hill,delivered,FALL25
675,675,675,81,735.13,3/30/2020,PayPal,622 Bunting Trail,pending,SUMMER20
676,676,676,43,395.51,8/12/2020,debit card,72 Fisk Drive,delivered,FALL25
677,677,677,90,514.64,4/18/2021,PayPal,07 Golf Course Place,shipped,FALL25
678,678,678,40,687.84,10/11/2022,PayPal,2162 Reinke Plaza,pending,SUMMER20
679,679,679,62,391.24,10/14/2020,PayPal,3 Delladonna Terrace,processing,FALL25
680,680,680,87,180.01,11/27/2022,credit card,1 Carberry Drive,processing,SAVE10
681,681,681,35,517.95,11/14/2022,credit card,3519 Bunker Hill Crossing,delivered,SUMMER20
682,682,682,60,702.15,11/6/2022,debit card,5 Autumn Leaf Parkway,processing,SUMMER20
683,683,683,92,825.46,5/8/2020,credit card,01908 Butterfield Hill,pending,SUMMER20
684,684,684,27,511.47,6/27/2020,debit card,26457 Morrow Lane,pending,SAVE10
685,685,685,69,129.17,3/21/2021,PayPal,30 Colorado Street,pending,FALL25
686,686,686,84,821.61,7/25/2022,credit card,41 Reindahl Lane,processing,SUMMER20
687,687,687,63,68.17,6/23/2020,debit card,9 Upham Avenue,delivered,FALL25
688,688,688,99,578.6,11/25/2020,PayPal,3159 Welch Street,processing,SAVE10
689,689,689,87,734.25,1/30/2022,debit card,64 Northport Alley,shipped,SUMMER20
690,690,690,6,955.66,1/27/2020,debit card,5 Kropf Junction,processing,SAVE10
691,691,691,64,37.36,6/25/2020,debit card,183 Waubesa Junction,shipped,SAVE10
692,692,692,11,370.9,1/18/2022,credit card,24 Mendota Parkway,delivered,SAVE10
693,693,693,69,883.03,2/2/2022,debit card,92851 Parkside Pass,processing,FALL25
694,694,694,86,887.35,5/28/2020,PayPal,87 Mayer Park,pending,FALL25
695,695,695,34,558.14,3/16/2021,credit card,06302 Amoth Terrace,pending,FALL25
696,696,696,31,239.93,3/21/2020,debit card,96112 Pleasure Drive,processing,FALL25
697,697,697,10,701.06,8/11/2020,credit card,02345 Dorton Crossing,pending,SAVE10
698,698,698,24,328.4,2/27/2022,debit card,623 Independence Crossing,delivered,FALL25
699,699,699,95,86.81,12/23/2021,credit card,96 Badeau Plaza,shipped,SUMMER20
700,700,700,63,728.44,8/3/2022,PayPal,47688 International Way,shipped,SUMMER20
701,701,701,60,744.91,4/5/2021,credit card,7 Anniversary Way,delivered,SAVE10
702,702,702,80,865.27,5/14/2021,PayPal,63727 Sunnyside Avenue,delivered,SUMMER20
703,703,703,71,355.06,7/21/2022,credit card,1 Dixon Trail,delivered,SAVE10
704,704,704,15,599.49,6/17/2020,credit card,157 Fairfield Plaza,delivered,FALL25
705,705,705,64,782.13,9/25/2020,debit card,515 Brentwood Parkway,delivered,FALL25
706,706,706,42,936.52,3/9/2022,PayPal,92067 Carioca Street,delivered,FALL25
707,707,707,62,122.98,6/24/2022,credit card,891 Manley Parkway,pending,SUMMER20
708,708,708,53,595.23,5/24/2020,PayPal,53045 Troy Trail,delivered,SUMMER20
709,709,709,41,66.2,4/26/2021,credit card,34205 Kings Circle,processing,SUMMER20
710,710,710,78,761.09,9/25/2021,debit card,74869 Summit Avenue,processing,FALL25
711,711,711,49,19.38,9/24/2021,debit card,27656 Sherman Terrace,pending,FALL25
712,712,712,53,531.37,5/16/2022,PayPal,226 Village Green Road,delivered,SAVE10
713,713,713,14,920.81,7/18/2020,credit card,83468 Delaware Junction,delivered,FALL25
714,714,714,18,783.03,3/14/2021,credit card,14 Maryland Parkway,delivered,SUMMER20
715,715,715,44,202.03,12/31/2021,PayPal,35 Dottie Road,processing,SAVE10
716,716,716,55,140.38,12/11/2021,PayPal,42910 Almo Court,processing,SUMMER20
717,717,717,72,576.8,4/28/2022,PayPal,443 Anderson Road,delivered,SAVE10
718,718,718,74,993.79,5/24/2021,credit card,690 Clyde Gallagher Circle,shipped,SAVE10
719,719,719,18,38.49,11/24/2020,PayPal,2 Bowman Point,delivered,FALL25
720,720,720,72,142.53,2/1/2022,credit card,757 Eastwood Court,shipped,SUMMER20
721,721,721,73,202.25,11/29/2021,PayPal,9 Hovde Alley,delivered,SAVE10
722,722,722,3,731.67,3/8/2022,debit card,244 Debs Trail,processing,SAVE10
723,723,723,26,964.49,2/7/2020,PayPal,76 Express Avenue,pending,FALL25
724,724,724,33,356.32,2/14/2022,PayPal,724 Schlimgen Crossing,delivered,SAVE10
725,725,725,37,49.06,3/5/2021,PayPal,932 Bonner Junction,delivered,SUMMER20
726,726,726,12,33.51,1/25/2021,debit card,18 Manley Park,delivered,SAVE10
727,727,727,4,183.85,10/18/2021,credit card,22684 Columbus Trail,delivered,FALL25
728,728,728,52,721.02,6/7/2022,PayPal,510 Scoville Way,shipped,SUMMER20
729,729,729,71,108.06,2/25/2022,PayPal,735 Rockefeller Point,processing,SAVE10
730,730,730,51,818.56,9/7/2020,PayPal,5612 Nancy Center,shipped,FALL25
731,731,731,33,898.85,8/24/2020,debit card,4798 Schiller Road,pending,SUMMER20
732,732,732,2,512.83,10/21/2020,credit card,661 Sunbrook Center,pending,FALL25
733,733,733,67,857.33,4/11/2020,debit card,7212 Fordem Alley,pending,SUMMER20
734,734,734,4,777.69,8/23/2022,debit card,62390 Arizona Terrace,processing,SAVE10
735,735,735,85,723.43,1/17/2022,debit card,6773 Roth Point,pending,SAVE10
736,736,736,25,186.33,2/17/2022,debit card,92804 Union Alley,shipped,SAVE10
737,737,737,97,384.69,4/22/2021,credit card,9 Columbus Court,shipped,FALL25
738,738,738,11,958.55,9/22/2020,credit card,1 Summerview Circle,delivered,FALL25
739,739,739,26,511.54,1/13/2021,PayPal,0 Old Gate Terrace,pending,SAVE10
740,740,740,93,969.99,6/12/2022,credit card,62588 Kropf Junction,delivered,SUMMER20
741,741,741,54,83.24,9/14/2020,PayPal,31745 Green Ridge Trail,delivered,SAVE10
742,742,742,19,936.69,9/6/2020,credit card,25410 Grasskamp Hill,pending,SUMMER20
743,743,743,55,932.56,12/8/2022,debit card,859 Stang Crossing,processing,FALL25
744,744,744,37,413.99,9/28/2020,credit card,221 North Avenue,delivered,FALL25
745,745,745,98,195.29,11/30/2021,debit card,454 Blue Bill Park Center,pending,SAVE10
746,746,746,34,21.32,2/24/2022,PayPal,42622 Quincy Center,shipped,FALL25
747,747,747,84,177.12,3/9/2021,debit card,1927 Roth Hill,shipped,SUMMER20
748,748,748,99,41.13,5/9/2021,PayPal,12683 Garrison Circle,delivered,SAVE10
749,749,749,20,579.09,9/21/2020,debit card,65778 Arapahoe Trail,shipped,FALL25
750,750,750,55,581.34,11/16/2021,debit card,890 Green Ridge Road,shipped,SAVE10
751,751,751,55,621.65,12/1/2021,debit card,68739 Dovetail Court,delivered,FALL25
752,752,752,11,834.73,7/26/2021,credit card,53713 Eliot Junction,shipped,FALL25
753,753,753,33,468.57,11/24/2020,PayPal,1210 Mandrake Parkway,shipped,SUMMER20
754,754,754,81,299.68,11/18/2022,credit card,9205 Clarendon Parkway,delivered,SAVE10
755,755,755,98,33.26,4/1/2020,PayPal,4411 Arapahoe Place,shipped,FALL25
756,756,756,81,356.77,2/18/2021,debit card,687 Graceland Road,pending,SAVE10
757,757,757,58,77.75,7/20/2022,PayPal,948 North Lane,pending,SUMMER20
758,758,758,76,908.02,4/18/2022,debit card,910 Sunfield Park,shipped,SAVE10
759,759,759,70,225.62,7/2/2022,PayPal,8825 Harper Street,shipped,SAVE10
760,760,760,59,970.11,12/25/2022,PayPal,224 Arrowood Park,pending,SUMMER20
761,761,761,1,267.42,4/15/2021,debit card,44698 Lotheville Park,delivered,SUMMER20
762,762,762,60,911.14,4/12/2020,PayPal,5438 Warner Way,pending,SUMMER20
763,763,763,38,460.14,6/20/2022,credit card,37 Green Park,delivered,SAVE10
764,764,764,13,352.31,6/8/2022,debit card,0393 Golf View Circle,shipped,SAVE10
765,765,765,6,739.78,1/31/2021,credit card,9214 Memorial Lane,pending,FALL25
766,766,766,89,879.51,2/23/2021,PayPal,943 Stoughton Court,shipped,SUMMER20
767,767,767,83,140.08,1/10/2020,credit card,49 Swallow Plaza,pending,SUMMER20
768,768,768,51,155.55,8/8/2020,credit card,796 Tony Terrace,processing,SUMMER20
769,769,769,4,515.31,1/23/2020,credit card,7040 Dunning Road,processing,SAVE10
770,770,770,31,747.99,8/22/2021,credit card,49749 Maple Wood Street,shipped,SAVE10
771,771,771,32,458.26,6/18/2020,debit card,113 Helena Junction,shipped,SAVE10
772,772,772,70,588.69,9/4/2021,debit card,07729 Graedel Place,delivered,FALL25
773,773,773,63,660.32,3/5/2020,credit card,9 Upham Point,shipped,FALL25
774,774,774,52,511.71,12/28/2022,credit card,4251 South Place,shipped,FALL25
775,775,775,21,44.48,7/30/2021,credit card,25770 David Street,shipped,SAVE10
776,776,776,51,724.21,6/28/2021,credit card,48 Sommers Alley,delivered,SUMMER20
777,777,777,88,244.16,10/22/2020,PayPal,135 Hollow Ridge Trail,delivered,SAVE10
778,778,778,55,712.07,9/9/2022,debit card,62581 Burrows Parkway,shipped,SAVE10
779,779,779,53,746.3,12/9/2020,credit card,5196 Hoffman Hill,shipped,FALL25
780,780,780,86,459.83,11/22/2020,debit card,0087 Rowland Way,processing,FALL25
781,781,781,61,382.95,12/16/2020,PayPal,40137 Lyons Terrace,pending,FALL25
782,782,782,22,826.88,9/27/2020,debit card,1 Shopko Road,shipped,SUMMER20
783,783,783,2,20.01,9/2/2020,debit card,7069 Northland Park,delivered,SUMMER20
784,784,784,39,817.94,7/14/2021,debit card,95792 Warrior Parkway,processing,SAVE10
785,785,785,91,801.97,11/25/2022,PayPal,9012 Rockefeller Circle,pending,SAVE10
786,786,786,45,448.0,11/8/2021,PayPal,13 Warner Avenue,shipped,SUMMER20
787,787,787,53,750.06,11/28/2020,credit card,4032 Ridgeview Parkway,shipped,SUMMER20
788,788,788,29,94.22,7/29/2021,debit card,420 Truax Crossing,pending,SAVE10
789,789,789,81,159.58,10/24/2022,credit card,59355 Marcy Point,delivered,FALL25
790,790,790,45,510.15,12/20/2020,debit card,6 Graceland Parkway,processing,FALL25
791,791,791,38,931.97,11/28/2020,debit card,9 Grim Pass,pending,SUMMER20
792,792,792,46,696.29,6/17/2020,debit card,30325 Delladonna Road,delivered,SUMMER20
793,793,793,92,795.28,11/12/2022,credit card,7450 Warrior Plaza,processing,FALL25
794,794,794,18,93.13,5/9/2020,credit card,42300 Service Center,pending,SUMMER20
795,795,795,65,794.59,1/28/2022,debit card,9 Sherman Way,delivered,FALL25
796,796,796,2,764.17,2/25/2021,credit card,955 Schiller Place,shipped,SAVE10
797,797,797,36,552.87,1/3/2022,credit card,1 Moland Lane,delivered,SAVE10
798,798,798,97,762.42,11/19/2022,PayPal,83664 Dovetail Crossing,shipped,FALL25
799,799,799,95,348.43,3/26/2020,PayPal,566 Pennsylvania Terrace,shipped,FALL25
800,800,800,51,989.74,1/2/2020,PayPal,0 Ramsey Road,processing,SUMMER20
801,801,801,95,930.75,11/16/2022,debit card,56999 Parkside Crossing,pending,SAVE10
802,802,802,21,923.97,4/18/2021,PayPal,72 Judy Junction,processing,SAVE10
803,803,803,98,526.71,9/10/2022,debit card,658 Fieldstone Parkway,processing,SUMMER20
804,804,804,29,205.16,4/19/2021,credit card,13036 International Parkway,pending,SAVE10
805,805,805,50,201.82,10/19/2022,debit card,0 Oneill Center,shipped,SAVE10
806,806,806,65,388.4,9/9/2022,debit card,13 Banding Parkway,shipped,SAVE10
807,807,807,67,171.32,10/28/2022,PayPal,03 Bayside Park,delivered,FALL25
808,808,808,66,136.29,2/5/2021,PayPal,96698 Ludington Crossing,delivered,SUMMER20
809,809,809,91,169.84,3/29/2021,credit card,9 Buhler Plaza,processing,SAVE10
810,810,810,22,582.22,12/20/2021,PayPal,5 Melrose Park,delivered,SAVE10
811,811,811,90,622.78,11/25/2020,PayPal,58 Superior Court,processing,SUMMER20
812,812,812,36,284.89,3/31/2022,PayPal,61289 Pleasure Circle,delivered,FALL25
813,813,813,81,892.55,7/16/2021,credit card,7 Menomonie Trail,processing,SAVE10
814,814,814,84,961.23,7/31/2020,PayPal,31 Green Hill,pending,FALL25
815,815,815,73,668.84,1/24/2020,debit card,865 Schurz Street,shipped,FALL25
816,816,816,34,861.76,7/21/2021,PayPal,5135 Columbus Way,processing,SAVE10
817,817,817,79,412.31,2/26/2020,credit card,81625 Columbus Parkway,pending,FALL25
818,818,818,10,72.73,1/18/2021,debit card,517 Cardinal Junction,pending,SAVE10
819,819,819,72,850.07,5/4/2020,PayPal,5167 Pennsylvania Place,pending,FALL25
820,820,820,16,646.87,11/3/2020,credit card,63 Eastwood Pass,processing,SUMMER20
821,821,821,97,125.01,3/30/2022,debit card,95 Stang Way,pending,SUMMER20
822,822,822,15,798.7,2/13/2021,debit card,19749 Monterey Lane,processing,SAVE10
823,823,823,74,726.57,10/5/2020,credit card,48656 Spenser Street,processing,SUMMER20
824,824,824,69,482.79,12/31/2021,debit card,2231 Northport Point,shipped,SUMMER20
825,825,825,82,452.13,12/6/2022,debit card,5874 Westport Drive,pending,FALL25
826,826,826,88,900.6,1/29/2022,debit card,336 Ridge Oak Circle,shipped,FALL25
827,827,827,13,9.93,7/25/2022,debit card,49869 Miller Pass,processing,SAVE10
828,828,828,30,27.44,7/8/2020,debit card,744 Norway Maple Trail,processing,FALL25
829,829,829,45,784.57,4/9/2020,credit card,238 Springview Pass,shipped,SUMMER20
830,830,830,100,662.99,6/21/2022,debit card,8 Meadow Valley Road,processing,SUMMER20
831,831,831,63,415.95,8/12/2021,PayPal,02747 Florence Way,processing,SUMMER20
832,832,832,47,768.71,12/8/2022,debit card,2187 Kings Trail,delivered,SUMMER20
833,833,833,92,101.63,1/2/2020,PayPal,53 Muir Alley,delivered,FALL25
834,834,834,87,723.19,8/5/2021,credit card,3 Derek Way,processing,SAVE10
835,835,835,72,99.76,3/24/2021,debit card,82726 Pennsylvania Drive,shipped,FALL25
836,836,836,28,515.56,8/22/2020,PayPal,73401 Duke Center,shipped,SAVE10
837,837,837,53,682.91,7/1/2021,credit card,96522 Elmside Center,pending,FALL25
838,838,838,99,568.12,4/17/2022,debit card,049 Hermina Parkway,delivered,FALL25
839,839,839,34,214.44,11/3/2022,debit card,952 Golf Road,shipped,SUMMER20
840,840,840,29,276.55,10/4/2020,debit card,1299 Park Meadow Terrace,shipped,SAVE10
841,841,841,11,274.41,4/29/2021,debit card,52 Vernon Court,delivered,SUMMER20
842,842,842,79,883.7,2/12/2020,credit card,69236 Bowman Alley,processing,SAVE10
843,843,843,96,850.63,12/11/2020,credit card,2 Bunting Pass,shipped,SAVE10
844,844,844,90,363.78,4/4/2021,PayPal,6 Dayton Alley,shipped,FALL25
845,845,845,70,718.64,2/6/2022,debit card,977 Kropf Point,delivered,FALL25
846,846,846,93,817.38,8/7/2021,PayPal,6 John Wall Terrace,pending,FALL25
847,847,847,10,122.52,5/20/2021,PayPal,3 Oakridge Alley,delivered,FALL25
848,848,848,45,25.08,9/22/2020,debit card,8980 Park Meadow Terrace,shipped,SUMMER20
849,849,849,32,447.36,12/5/2022,credit card,30093 Logan Court,pending,FALL25
850,850,850,35,884.6,2/1/2020,debit card,147 Green Circle,delivered,SUMMER20
851,851,851,77,813.6,5/4/2020,debit card,636 Barby Drive,pending,FALL25
852,852,852,5,813.06,12/21/2021,debit card,854 Doe Crossing Parkway,shipped,SAVE10
853,853,853,79,178.9,4/7/2021,PayPal,485 Northwestern Parkway,delivered,SAVE10
854,854,854,54,176.13,7/29/2021,PayPal,5356 Graedel Plaza,delivered,SAVE10
855,855,855,90,580.84,2/28/2022,credit card,11 Park Meadow Court,processing,FALL25
856,856,856,29,446.69,9/24/2022,debit card,094 Prairieview Alley,delivered,SAVE10
857,857,857,24,279.99,8/13/2021,debit card,1845 Barby Terrace,pending,FALL25
858,858,858,24,979.08,7/27/2021,debit card,09 Homewood Road,delivered,SAVE10
859,859,859,62,11.16,9/28/2022,debit card,6 Manley Pass,shipped,FALL25
860,860,860,84,422.62,10/1/2021,credit card,55449 Del Mar Trail,delivered,SUMMER20
861,861,861,57,901.38,4/15/2021,debit card,1 Lien Plaza,delivered,SAVE10
862,862,862,14,237.39,2/13/2021,PayPal,8049 Northfield Plaza,delivered,SAVE10
863,863,863,42,538.95,9/10/2020,PayPal,57493 Logan Street,delivered,FALL25
864,864,864,75,847.68,9/14/2022,PayPal,900 Northview Place,shipped,FALL25
865,865,865,97,268.62,12/15/2021,credit card,9677 Summerview Terrace,processing,FALL25
866,866,866,63,492.81,8/28/2022,debit card,32052 Reinke Trail,delivered,SUMMER20
867,867,867,91,614.33,7/31/2021,credit card,368 Swallow Street,delivered,SUMMER20
868,868,868,11,270.94,6/11/2020,PayPal,42 Stone Corner Lane,pending,SAVE10
869,869,869,90,652.69,4/14/2022,PayPal,3 Transport Trail,shipped,FALL25
870,870,870,3,639.32,11/2/2020,PayPal,0170 Veith Center,delivered,SUMMER20
871,871,871,47,460.49,6/5/2021,PayPal,44 Manufacturers Plaza,pending,FALL25
872,872,872,61,877.56,12/18/2021,debit card,4293 Hanover Hill,delivered,FALL25
873,873,873,88,595.92,11/27/2022,debit card,9200 Vermont Pass,delivered,SAVE10
874,874,874,52,780.83,2/18/2021,PayPal,14357 Carey Lane,processing,FALL25
875,875,875,33,465.92,1/14/2020,debit card,476 Darwin Avenue,processing,SUMMER20
876,876,876,30,123.83,2/9/2020,debit card,94 Lawn Street,delivered,FALL25
877,877,877,47,151.75,6/28/2022,debit card,9717 Schurz Park,shipped,FALL25
878,878,878,89,232.05,10/1/2021,PayPal,9637 Northridge Center,shipped,SUMMER20
879,879,879,58,815.11,6/27/2020,PayPal,078 Ridgeview Junction,delivered,SUMMER20
880,880,880,71,659.49,6/21/2020,PayPal,9262 Morning Crossing,pending,SAVE10
881,881,881,45,693.17,10/7/2022,PayPal,790 Ohio Street,delivered,SAVE10
882,882,882,77,600.97,6/23/2022,debit card,05 Fuller Trail,shipped,SAVE10
883,883,883,92,117.6,8/7/2022,PayPal,25657 Namekagon Drive,processing,FALL25
884,884,884,51,576.31,10/10/2022,PayPal,75 Elka Junction,pending,SAVE10
885,885,885,90,441.11,10/30/2020,PayPal,06 Garrison Park,delivered,FALL25
886,886,886,79,660.33,4/14/2022,PayPal,825 Trailsway Junction,processing,SUMMER20
887,887,887,9,7.65,1/15/2022,debit card,65820 Magdeline Crossing,processing,SUMMER20
888,888,888,76,974.47,7/17/2022,credit card,06100 Fair Oaks Center,delivered,SUMMER20
889,889,889,92,259.11,2/17/2022,debit card,461 Hudson Crossing,processing,SUMMER20
890,890,890,44,284.75,3/16/2022,PayPal,3 Tony Junction,delivered,FALL25
891,891,891,44,768.02,8/2/2020,credit card,4 Farragut Terrace,processing,SUMMER20
892,892,892,95,721.34,10/9/2020,debit card,91270 Badeau Road,delivered,SUMMER20
893,893,893,13,335.22,11/20/2021,PayPal,30 Butternut Lane,shipped,FALL25
894,894,894,58,901.65,4/19/2022,debit card,233 Eastwood Way,delivered,SAVE10
895,895,895,80,17.26,6/18/2022,credit card,89210 American Ash Street,shipped,SAVE10
896,896,896,65,430.47,3/19/2022,credit card,626 Buhler Trail,pending,SUMMER20
897,897,897,66,105.02,1/29/2020,debit card,2284 Fieldstone Avenue,processing,SUMMER20
898,898,898,6,944.72,2/3/2020,credit card,2811 Gina Avenue,delivered,SUMMER20
899,899,899,20,740.11,1/29/2022,PayPal,07 Vermont Place,delivered,FALL25
900,900,900,95,214.34,3/18/2020,debit card,54 Mandrake Drive,pending,SAVE10
901,901,901,79,528.75,4/18/2022,PayPal,10563 Doe Crossing Hill,shipped,SUMMER20
902,902,902,95,359.91,4/9/2021,debit card,31 Browning Court,processing,SAVE10
903,903,903,3,546.63,1/21/2021,credit card,97259 Heath Court,pending,SUMMER20
904,904,904,84,301.14,8/14/2022,credit card,3238 Emmet Road,processing,FALL25
905,905,905,54,337.8,3/4/2021,PayPal,427 Dottie Park,delivered,SUMMER20
906,906,906,10,661.18,5/29/2022,credit card,72562 Larry Street,processing,SUMMER20
907,907,907,49,359.65,5/27/2020,PayPal,04 Brentwood Way,processing,FALL25
908,908,908,4,20.07,12/17/2020,debit card,05 Little Fleur Crossing,shipped,SUMMER20
909,909,909,86,331.35,8/1/2020,credit card,085 Talisman Place,shipped,SUMMER20
910,910,910,76,389.25,1/5/2021,debit card,9 Grasskamp Trail,processing,SAVE10
911,911,911,15,917.22,4/19/2021,debit card,68998 Old Gate Street,processing,SUMMER20
912,912,912,62,184.0,4/23/2022,PayPal,82984 Texas Place,delivered,SAVE10
913,913,913,22,47.3,12/16/2020,debit card,31 Huxley Alley,shipped,FALL25
914,914,914,40,570.86,4/27/2020,credit card,52141 Spenser Place,shipped,SUMMER20
915,915,915,78,214.4,2/25/2021,PayPal,815 Grayhawk Street,pending,SUMMER20
916,916,916,68,57.2,2/20/2021,debit card,68716 Rigney Center,pending,SUMMER20
917,917,917,40,742.18,6/28/2020,debit card,1 Merry Avenue,processing,SUMMER20
918,918,918,96,44.47,3/8/2022,PayPal,47 Westend Center,delivered,FALL25
919,919,919,33,401.55,1/13/2022,credit card,6164 Helena Park,processing,SUMMER20
920,920,920,68,18.98,10/27/2021,credit card,50779 Homewood Crossing,processing,FALL25
921,921,921,96,504.8,1/24/2022,credit card,901 Hanover Alley,shipped,SUMMER20
922,922,922,53,70.8,6/8/2020,debit card,370 Monument Drive,shipped,FALL25
923,923,923,100,796.24,3/28/2022,debit card,8 Goodland Alley,processing,SAVE10
924,924,924,22,753.78,7/18/2021,PayPal,497 Acker Lane,pending,SUMMER20
925,925,925,58,348.89,10/2/2020,credit card,4 Loomis Hill,processing,SUMMER20
926,926,926,13,469.41,6/15/2020,credit card,6121 Truax Hill,processing,SUMMER20
927,927,927,67,288.19,11/4/2020,PayPal,733 Manitowish Park,processing,SAVE10
928,928,928,4,43.15,8/31/2020,debit card,7481 Fair Oaks Center,delivered,FALL25
929,929,929,80,988.96,11/17/2022,credit card,2 Village Green Street,pending,SAVE10
930,930,930,96,911.23,2/18/2022,PayPal,0 Maple Lane,pending,FALL25
931,931,931,95,394.48,3/22/2021,PayPal,22 Southridge Terrace,shipped,SAVE10
932,932,932,30,218.89,10/22/2022,PayPal,4077 Anhalt Trail,pending,SUMMER20
933,933,933,95,331.55,7/7/2022,debit card,2360 Texas Hill,pending,SUMMER20
934,934,934,7,561.09,12/7/2022,PayPal,46582 Amoth Place,delivered,FALL25
935,935,935,96,589.83,8/4/2020,debit card,873 Carioca Hill,processing,SAVE10
936,936,936,34,840.54,6/25/2022,PayPal,72402 Weeping Birch Lane,shipped,SUMMER20
937,937,937,91,312.9,10/25/2021,PayPal,16 Loftsgordon Street,pending,SAVE10
938,938,938,91,567.74,7/25/2022,credit card,36 Autumn Leaf Way,processing,SAVE10
939,939,939,75,988.53,8/23/2020,PayPal,2 Kingsford Crossing,shipped,FALL25
940,940,940,13,632.33,12/14/2022,PayPal,920 Center Lane,delivered,SAVE10
941,941,941,61,0.62,9/13/2021,debit card,0948 Nelson Court,pending,FALL25
942,942,942,95,340.7,1/8/2021,PayPal,029 Jackson Alley,pending,FALL25
943,943,943,17,101.07,11/6/2022,PayPal,25864 Saint Paul Terrace,delivered,SUMMER20
944,944,944,65,845.05,10/20/2022,debit card,6670 Florence Parkway,shipped,FALL25
945,945,945,31,11.31,11/6/2021,debit card,52016 Carpenter Way,processing,SAVE10
946,946,946,27,929.54,8/6/2021,credit card,77571 Arizona Terrace,shipped,SAVE10
947,947,947,27,463.48,2/11/2022,debit card,98 Prairie Rose Pass,delivered,SAVE10
948,948,948,42,863.62,12/10/2021,credit card,389 Swallow Plaza,processing,SUMMER20
949,949,949,77,782.68,2/8/2021,PayPal,999 Mariners Cove Point,pending,SUMMER20
950,950,950,8,238.41,6/29/2022,credit card,5028 Rusk Junction,processing,SUMMER20
951,951,951,23,82.34,3/20/2022,credit card,189 Blaine Alley,shipped,SAVE10
952,952,952,57,244.38,7/5/2021,PayPal,86 Sachs Hill,shipped,SAVE10
953,953,953,97,322.88,3/27/2021,PayPal,813 3rd Alley,processing,SUMMER20
954,954,954,86,656.63,3/31/2022,debit card,87122 Bobwhite Park,shipped,SUMMER20
955,955,955,54,975.17,12/3/2021,credit card,1 Garrison Center,processing,SUMMER20
956,956,956,2,76.91,4/16/2021,debit card,29 Tony Avenue,delivered,SUMMER20
957,957,957,47,508.55,9/11/2021,debit card,169 Brickson Park Road,delivered,SUMMER20
958,958,958,19,971.74,11/13/2022,debit card,59 Blackbird Crossing,processing,SUMMER20
959,959,959,78,653.56,7/20/2022,debit card,54 Forest Dale Place,pending,SUMMER20
960,960,960,74,99.67,7/8/2022,debit card,7 Memorial Point,processing,FALL25
961,961,961,84,778.72,8/9/2020,credit card,5 Harper Way,shipped,FALL25
962,962,962,51,11.96,2/9/2020,debit card,4227 Karstens Way,pending,SUMMER20
963,963,963,70,632.15,1/16/2021,credit card,711 Arapahoe Point,processing,SAVE10
964,964,964,85,822.57,9/30/2020,debit card,73 New Castle Park,delivered,SAVE10
965,965,965,43,151.07,8/17/2020,PayPal,172 Kedzie Lane,processing,SAVE10
966,966,966,29,514.48,9/6/2022,PayPal,70548 Lawn Court,shipped,FALL25
967,967,967,42,265.28,9/30/2021,debit card,74766 Moland Street,shipped,SAVE10
968,968,968,1,171.48,3/24/2022,PayPal,0 Wayridge Place,processing,FALL25
969,969,969,71,874.7,3/3/2021,PayPal,15780 Forest Way,delivered,SAVE10
970,970,970,33,908.45,4/26/2020,credit card,1 Esch Trail,shipped,SAVE10
971,971,971,29,141.14,3/11/2021,debit card,1 Moulton Terrace,processing,SAVE10
972,972,972,62,549.41,5/6/2020,debit card,2126 Lake View Trail,processing,FALL25
973,973,973,86,579.46,8/20/2021,PayPal,66123 Debra Road,shipped,SAVE10
974,974,974,80,803.23,10/26/2020,PayPal,15429 Basil Pass,delivered,SAVE10
975,975,975,18,327.77,11/12/2022,PayPal,937 Waubesa Street,shipped,SAVE10
976,976,976,45,652.33,3/27/2020,debit card,3477 Everett Alley,pending,SAVE10
977,977,977,95,911.26,7/19/2020,PayPal,8 Tony Pass,processing,SUMMER20
978,978,978,31,744.75,3/24/2022,debit card,86343 Mcbride Park,pending,FALL25
979,979,979,39,821.51,2/19/2022,debit card,13 Little Fleur Junction,processing,FALL25
980,980,980,75,455.48,11/5/2021,credit card,20127 Texas Avenue,delivered,SUMMER20
981,981,981,15,891.37,11/25/2021,debit card,11877 Crest Line Lane,pending,SUMMER20
982,982,982,28,932.32,3/12/2021,credit card,9807 Aberg Drive,processing,SAVE10
983,983,983,7,813.73,11/26/2021,PayPal,55012 Hoepker Place,processing,FALL25
984,984,984,70,42.86,11/27/2022,PayPal,3 Clemons Pass,pending,SUMMER20
985,985,985,53,126.03,10/13/2021,debit card,4638 Lien Place,pending,FALL25
986,986,986,98,964.57,8/16/2020,PayPal,87 Straubel Lane,pending,SAVE10
987,987,987,58,743.49,6/18/2020,PayPal,2755 Havey Court,shipped,SUMMER20
988,988,988,9,507.93,3/28/2020,PayPal,12 Mcbride Alley,pending,SUMMER20
989,989,989,76,73.12,9/9/2020,credit card,300 Village Green Court,shipped,FALL25
990,990,990,67,60.83,12/10/2021,debit card,8 Toban Circle,processing,FALL25
991,991,991,77,286.2,1/17/2020,credit card,908 Dixon Trail,shipped,SUMMER20
992,992,992,34,373.12,11/22/2020,debit card,75292 Old Shore Court,delivered,SAVE10
993,993,993,26,580.12,11/25/2021,PayPal,9 Derek Terrace,pending,SAVE10
994,994,994,39,140.47,1/16/2020,credit card,82407 Northwestern Avenue,processing,SUMMER20
995,995,995,82,25.77,3/5/2020,debit card,7610 Hollow Ridge Point,processing,SUMMER20
996,996,996,9,695.63,11/7/2022,PayPal,9 Hagan Court,pending,SAVE10
997,997,997,6,471.3,5/6/2022,credit card,234 Emmet Place,shipped,SUMMER20
998,998,998,81,768.55,6/21/2021,PayPal,531 Oak Valley Park,delivered,FALL25
999,999,999,90,780.24,10/10/2022,debit card,555 Union Junction,processing,FALL25
1000,1000,1000,69,656.92,11/1/2022,credit card,8926 Boyd Lane,pending,FALL25
